sample_type,classifier,name,type,scores,metadata
daily,Random Forest,RandomForestClassifier_rfecv_selection,feature_selection,,RFECV
daily,Random Forest,RandomForestClassifier_rfecv_selection,feature_selection,,"['mean', 'sd', 'inactive_ratio', 'longest_inactivity', '12_hour_day_activity', '12_hour_night_activity', 'day_night_ratio', 'mean_absolute_change_activity', 'RA', 'activity_afternoon', 'activity_evening', 'inactive_morning', 'inactive_evening']"
daily,Random Forest,RandomForestClassifier_rfecv_selection,feature_selection,,13
daily,Random Forest,RandomForestClassifier_rfecv_selection,feature_selection,,"                          feature  selected  ranking
0                            mean      True        1
1                              sd      True        1
2                  inactive_ratio      True        1
3              longest_inactivity      True        1
4            12_hour_day_activity      True        1
5          12_hour_night_activity      True        1
6                 day_night_ratio      True        1
7   mean_absolute_change_activity      True        1
9                              RA      True        1
15               inactive_morning      True        1
13               activity_evening      True        1
12             activity_afternoon      True        1
17               inactive_evening      True        1
14                 inactive_night     False        2
8                              IV     False        3
11               activity_morning     False        4
16             inactive_afternoon     False        5
10                 activity_night     False        6"
daily,Random Forest,RandomForestClassifier_rfecv_selection,feature_selection,,"{'mean_test_score': array([0.7646094 , 0.79345075, 0.80088537, 0.81118179, 0.8082052 ,
       0.81066933, 0.81069344, 0.81390344, 0.80942399, 0.81730854,
       0.81851539, 0.81880051, 0.82054191, 0.817246  , 0.81358156,
       0.81755138, 0.81931881, 0.81279416]), 'std_test_score': array([0.07722247, 0.05999672, 0.05549277, 0.06383119, 0.0644358 ,
       0.06743583, 0.0668055 , 0.05558491, 0.05886126, 0.05124343,
       0.04378378, 0.05405556, 0.04758082, 0.05297144, 0.0471027 ,
       0.0495926 , 0.04800912, 0.04879576]), 'split0_test_score': array([0.83573352, 0.85540335, 0.8305819 , 0.89304531, 0.894743  ,
       0.90844163, 0.90586582, 0.90416813, 0.89731882, 0.87764899,
       0.8802248 , 0.89304531, 0.87595129, 0.89304531, 0.87595129,
       0.87507318, 0.87764899, 0.87595129]), 'split1_test_score': array([0.77178472, 0.76689189, 0.76689189, 0.77120224, 0.77120224,
       0.77982293, 0.76689189, 0.78413327, 0.77306617, 0.78168686,
       0.79892824, 0.7859972 , 0.80754893, 0.7749301 , 0.79461789,
       0.79030755, 0.79275396, 0.79030755]), 'split2_test_score': array([0.86029009, 0.87116858, 0.89272031, 0.87684729, 0.87253695,
       0.86391626, 0.87185276, 0.84735906, 0.85960591, 0.87616311,
       0.85960591, 0.86391626, 0.8682266 , 0.86391626, 0.85960591,
       0.87185276, 0.87185276, 0.86391626]), 'split3_test_score': array([0.66317829, 0.71434109, 0.73372093, 0.72596899, 0.72596899,
       0.71763566, 0.72926357, 0.74593023, 0.74147287, 0.7503876 ,
       0.76589147, 0.74205426, 0.74593023, 0.75368217, 0.7498062 ,
       0.74593023, 0.75368217, 0.7498062 ]), 'split4_test_score': array([0.69206037, 0.75944882, 0.78051181, 0.78884514, 0.7765748 ,
       0.78353018, 0.77959318, 0.78792651, 0.77565617, 0.80065617,
       0.78792651, 0.8089895 , 0.80505249, 0.80065617, 0.78792651,
       0.80459318, 0.80065617, 0.7839895 ]), 'split0_ranking': array([[ 6,  1,  2,  9,  7,  4, 16,  5, 14, 11, 18, 13,  3,  8, 17, 12,
        15, 10],
       [ 5,  1,  1,  8,  6,  3, 15,  4, 13, 10, 17, 12,  2,  7, 16, 11,
        14,  9],
       [ 4,  1,  1,  7,  5,  2, 14,  3, 12,  9, 16, 11,  1,  6, 15, 10,
        13,  8],
       [ 3,  1,  1,  6,  4,  1, 13,  2, 11,  8, 15, 10,  1,  5, 14,  9,
        12,  7],
       [ 2,  1,  1,  5,  3,  1, 12,  1, 10,  7, 14,  9,  1,  4, 13,  8,
        11,  6],
       [ 1,  1,  1,  4,  2,  1, 11,  1,  9,  6, 13,  8,  1,  3, 12,  7,
        10,  5],
       [ 1,  1,  1,  3,  1,  1, 10,  1,  8,  5, 12,  7,  1,  2, 11,  6,
         9,  4],
       [ 1,  1,  1,  2,  1,  1,  9,  1,  7,  4, 11,  6,  1,  1, 10,  5,
         8,  3],
       [ 1,  1,  1,  1,  1,  1,  8,  1,  6,  3, 10,  5,  1,  1,  9,  4,
         7,  2],
       [ 1,  1,  1,  1,  1,  1,  7,  1,  5,  2,  9,  4,  1,  1,  8,  3,
         6,  1],
       [ 1,  1,  1,  1,  1,  1,  6,  1,  4,  1,  8,  3,  1,  1,  7,  2,
         5,  1],
       [ 1,  1,  1,  1,  1,  1,  5,  1,  3,  1,  7,  2,  1,  1,  6,  1,
         4,  1],
       [ 1,  1,  1,  1,  1,  1,  4,  1,  2,  1,  6,  1,  1,  1,  5,  1,
         3,  1],
       [ 1,  1,  1,  1,  1,  1,  3,  1,  1,  1,  5,  1,  1,  1,  4,  1,
         2,  1],
       [ 1,  1,  1,  1,  1,  1,  2,  1,  1,  1,  4,  1,  1,  1,  3,  1,
         1,  1],
       [ 1,  1,  1,  1,  1,  1,  1,  1,  1,  1,  3,  1,  1,  1,  2,  1,
         1,  1],
       [ 1,  1,  1,  1,  1,  1,  1,  1,  1,  1,  2,  1,  1,  1,  1,  1,
         1,  1],
       [ 1,  1,  1,  1,  1,  1,  1,  1,  1,  1,  1,  1,  1,  1,  1,  1,
         1,  1]]), 'split1_ranking': array([[ 3,  1,  4, 10,  8,  2,  9,  5, 14, 15, 18, 13,  7,  6, 16, 12,
        17, 11],
       [ 2,  1,  3,  9,  7,  1,  8,  4, 13, 14, 17, 12,  6,  5, 15, 11,
        16, 10],
       [ 1,  1,  2,  8,  6,  1,  7,  3, 12, 13, 16, 11,  5,  4, 14, 10,
        15,  9],
       [ 1,  1,  1,  7,  5,  1,  6,  2, 11, 12, 15, 10,  4,  3, 13,  9,
        14,  8],
       [ 1,  1,  1,  6,  4,  1,  5,  1, 10, 11, 14,  9,  3,  2, 12,  8,
        13,  7],
       [ 1,  1,  1,  5,  3,  1,  4,  1,  9, 10, 13,  8,  2,  1, 11,  7,
        12,  6],
       [ 1,  1,  1,  4,  2,  1,  3,  1,  8,  9, 12,  7,  1,  1, 10,  6,
        11,  5],
       [ 1,  1,  1,  3,  1,  1,  2,  1,  7,  8, 11,  6,  1,  1,  9,  5,
        10,  4],
       [ 1,  1,  1,  2,  1,  1,  1,  1,  6,  7, 10,  5,  1,  1,  8,  4,
         9,  3],
       [ 1,  1,  1,  1,  1,  1,  1,  1,  5,  6,  9,  4,  1,  1,  7,  3,
         8,  2],
       [ 1,  1,  1,  1,  1,  1,  1,  1,  4,  5,  8,  3,  1,  1,  6,  2,
         7,  1],
       [ 1,  1,  1,  1,  1,  1,  1,  1,  3,  4,  7,  2,  1,  1,  5,  1,
         6,  1],
       [ 1,  1,  1,  1,  1,  1,  1,  1,  2,  3,  6,  1,  1,  1,  4,  1,
         5,  1],
       [ 1,  1,  1,  1,  1,  1,  1,  1,  1,  2,  5,  1,  1,  1,  3,  1,
         4,  1],
       [ 1,  1,  1,  1,  1,  1,  1,  1,  1,  1,  4,  1,  1,  1,  2,  1,
         3,  1],
       [ 1,  1,  1,  1,  1,  1,  1,  1,  1,  1,  3,  1,  1,  1,  1,  1,
         2,  1],
       [ 1,  1,  1,  1,  1,  1,  1,  1,  1,  1,  2,  1,  1,  1,  1,  1,
         1,  1],
       [ 1,  1,  1,  1,  1,  1,  1,  1,  1,  1,  1,  1,  1,  1,  1,  1,
         1,  1]]), 'split2_ranking': array([[ 9,  1,  2,  5,  6,  3, 11,  4, 12, 16, 18, 14, 10,  7, 17, 13,
        15,  8],
       [ 8,  1,  1,  4,  5,  2, 10,  3, 11, 15, 17, 13,  9,  6, 16, 12,
        14,  7],
       [ 7,  1,  1,  3,  4,  1,  9,  2, 10, 14, 16, 12,  8,  5, 15, 11,
        13,  6],
       [ 6,  1,  1,  2,  3,  1,  8,  1,  9, 13, 15, 11,  7,  4, 14, 10,
        12,  5],
       [ 5,  1,  1,  1,  2,  1,  7,  1,  8, 12, 14, 10,  6,  3, 13,  9,
        11,  4],
       [ 4,  1,  1,  1,  1,  1,  6,  1,  7, 11, 13,  9,  5,  2, 12,  8,
        10,  3],
       [ 3,  1,  1,  1,  1,  1,  5,  1,  6, 10, 12,  8,  4,  1, 11,  7,
         9,  2],
       [ 2,  1,  1,  1,  1,  1,  4,  1,  5,  9, 11,  7,  3,  1, 10,  6,
         8,  1],
       [ 1,  1,  1,  1,  1,  1,  3,  1,  4,  8, 10,  6,  2,  1,  9,  5,
         7,  1],
       [ 1,  1,  1,  1,  1,  1,  2,  1,  3,  7,  9,  5,  1,  1,  8,  4,
         6,  1],
       [ 1,  1,  1,  1,  1,  1,  1,  1,  2,  6,  8,  4,  1,  1,  7,  3,
         5,  1],
       [ 1,  1,  1,  1,  1,  1,  1,  1,  1,  5,  7,  3,  1,  1,  6,  2,
         4,  1],
       [ 1,  1,  1,  1,  1,  1,  1,  1,  1,  4,  6,  2,  1,  1,  5,  1,
         3,  1],
       [ 1,  1,  1,  1,  1,  1,  1,  1,  1,  3,  5,  1,  1,  1,  4,  1,
         2,  1],
       [ 1,  1,  1,  1,  1,  1,  1,  1,  1,  2,  4,  1,  1,  1,  3,  1,
         1,  1],
       [ 1,  1,  1,  1,  1,  1,  1,  1,  1,  1,  3,  1,  1,  1,  2,  1,
         1,  1],
       [ 1,  1,  1,  1,  1,  1,  1,  1,  1,  1,  2,  1,  1,  1,  1,  1,
         1,  1],
       [ 1,  1,  1,  1,  1,  1,  1,  1,  1,  1,  1,  1,  1,  1,  1,  1,
         1,  1]]), 'split3_ranking': array([[ 4,  1,  2,  8,  7,  3, 12,  5, 15, 14, 18, 11,  9,  6, 16, 13,
        17, 10],
       [ 3,  1,  1,  7,  6,  2, 11,  4, 14, 13, 17, 10,  8,  5, 15, 12,
        16,  9],
       [ 2,  1,  1,  6,  5,  1, 10,  3, 13, 12, 16,  9,  7,  4, 14, 11,
        15,  8],
       [ 1,  1,  1,  5,  4,  1,  9,  2, 12, 11, 15,  8,  6,  3, 13, 10,
        14,  7],
       [ 1,  1,  1,  4,  3,  1,  8,  1, 11, 10, 14,  7,  5,  2, 12,  9,
        13,  6],
       [ 1,  1,  1,  3,  2,  1,  7,  1, 10,  9, 13,  6,  4,  1, 11,  8,
        12,  5],
       [ 1,  1,  1,  2,  1,  1,  6,  1,  9,  8, 12,  5,  3,  1, 10,  7,
        11,  4],
       [ 1,  1,  1,  1,  1,  1,  5,  1,  8,  7, 11,  4,  2,  1,  9,  6,
        10,  3],
       [ 1,  1,  1,  1,  1,  1,  4,  1,  7,  6, 10,  3,  1,  1,  8,  5,
         9,  2],
       [ 1,  1,  1,  1,  1,  1,  3,  1,  6,  5,  9,  2,  1,  1,  7,  4,
         8,  1],
       [ 1,  1,  1,  1,  1,  1,  2,  1,  5,  4,  8,  1,  1,  1,  6,  3,
         7,  1],
       [ 1,  1,  1,  1,  1,  1,  1,  1,  4,  3,  7,  1,  1,  1,  5,  2,
         6,  1],
       [ 1,  1,  1,  1,  1,  1,  1,  1,  3,  2,  6,  1,  1,  1,  4,  1,
         5,  1],
       [ 1,  1,  1,  1,  1,  1,  1,  1,  2,  1,  5,  1,  1,  1,  3,  1,
         4,  1],
       [ 1,  1,  1,  1,  1,  1,  1,  1,  1,  1,  4,  1,  1,  1,  2,  1,
         3,  1],
       [ 1,  1,  1,  1,  1,  1,  1,  1,  1,  1,  3,  1,  1,  1,  1,  1,
         2,  1],
       [ 1,  1,  1,  1,  1,  1,  1,  1,  1,  1,  2,  1,  1,  1,  1,  1,
         1,  1],
       [ 1,  1,  1,  1,  1,  1,  1,  1,  1,  1,  1,  1,  1,  1,  1,  1,
         1,  1]]), 'split4_ranking': array([[11,  3,  2, 10,  9,  1, 14,  7, 16, 15, 18, 12,  6,  5, 13,  8,
        17,  4],
       [10,  2,  1,  9,  8,  1, 13,  6, 15, 14, 17, 11,  5,  4, 12,  7,
        16,  3],
       [ 9,  1,  1,  8,  7,  1, 12,  5, 14, 13, 16, 10,  4,  3, 11,  6,
        15,  2],
       [ 8,  1,  1,  7,  6,  1, 11,  4, 13, 12, 15,  9,  3,  2, 10,  5,
        14,  1],
       [ 7,  1,  1,  6,  5,  1, 10,  3, 12, 11, 14,  8,  2,  1,  9,  4,
        13,  1],
       [ 6,  1,  1,  5,  4,  1,  9,  2, 11, 10, 13,  7,  1,  1,  8,  3,
        12,  1],
       [ 5,  1,  1,  4,  3,  1,  8,  1, 10,  9, 12,  6,  1,  1,  7,  2,
        11,  1],
       [ 4,  1,  1,  3,  2,  1,  7,  1,  9,  8, 11,  5,  1,  1,  6,  1,
        10,  1],
       [ 3,  1,  1,  2,  1,  1,  6,  1,  8,  7, 10,  4,  1,  1,  5,  1,
         9,  1],
       [ 2,  1,  1,  1,  1,  1,  5,  1,  7,  6,  9,  3,  1,  1,  4,  1,
         8,  1],
       [ 1,  1,  1,  1,  1,  1,  4,  1,  6,  5,  8,  2,  1,  1,  3,  1,
         7,  1],
       [ 1,  1,  1,  1,  1,  1,  3,  1,  5,  4,  7,  1,  1,  1,  2,  1,
         6,  1],
       [ 1,  1,  1,  1,  1,  1,  2,  1,  4,  3,  6,  1,  1,  1,  1,  1,
         5,  1],
       [ 1,  1,  1,  1,  1,  1,  1,  1,  3,  2,  5,  1,  1,  1,  1,  1,
         4,  1],
       [ 1,  1,  1,  1,  1,  1,  1,  1,  2,  1,  4,  1,  1,  1,  1,  1,
         3,  1],
       [ 1,  1,  1,  1,  1,  1,  1,  1,  1,  1,  3,  1,  1,  1,  1,  1,
         2,  1],
       [ 1,  1,  1,  1,  1,  1,  1,  1,  1,  1,  2,  1,  1,  1,  1,  1,
         1,  1],
       [ 1,  1,  1,  1,  1,  1,  1,  1,  1,  1,  1,  1,  1,  1,  1,  1,
         1,  1]]), 'split0_support': array([[False,  True, False, False, False, False, False, False, False,
        False, False, False, False, False, False, False, False, False],
       [False,  True,  True, False, False, False, False, False, False,
        False, False, False, False, False, False, False, False, False],
       [False,  True,  True, False, False, False, False, False, False,
        False, False, False,  True, False, False, False, False, False],
       [False,  True,  True, False, False,  True, False, False, False,
        False, False, False,  True, False, False, False, False, False],
       [False,  True,  True, False, False,  True, False,  True, False,
        False, False, False,  True, False, False, False, False, False],
       [ True,  True,  True, False, False,  True, False,  True, False,
        False, False, False,  True, False, False, False, False, False],
       [ True,  True,  True, False,  True,  True, False,  True, False,
        False, False, False,  True, False, False, False, False, False],
       [ True,  True,  True, False,  True,  True, False,  True, False,
        False, False, False,  True,  True, False, False, False, False],
       [ True,  True,  True,  True,  True,  True, False,  True, False,
        False, False, False,  True,  True, False, False, False, False],
       [ True,  True,  True,  True,  True,  True, False,  True, False,
        False, False, False,  True,  True, False, False, False,  True],
       [ True,  True,  True,  True,  True,  True, False,  True, False,
         True, False, False,  True,  True, False, False, False,  True],
       [ True,  True,  True,  True,  True,  True, False,  True, False,
         True, False, False,  True,  True, False,  True, False,  True],
       [ True,  True,  True,  True,  True,  True, False,  True, False,
         True, False,  True,  True,  True, False,  True, False,  True],
       [ True,  True,  True,  True,  True,  True, False,  True,  True,
         True, False,  True,  True,  True, False,  True, False,  True],
       [ True,  True,  True,  True,  True,  True, False,  True,  True,
         True, False,  True,  True,  True, False,  True,  True,  True],
       [ True,  True,  True,  True,  True,  True,  True,  True,  True,
         True, False,  True,  True,  True, False,  True,  True,  True],
       [ True,  True,  True,  True,  True,  True,  True,  True,  True,
         True, False,  True,  True,  True,  True,  True,  True,  True],
       [ True,  True,  True,  True,  True,  True,  True,  True,  True,
         True,  True,  True,  True,  True,  True,  True,  True,  True]]), 'split1_support': array([[False,  True, False, False, False, False, False, False, False,
        False, False, False, False, False, False, False, False, False],
       [False,  True, False, False, False,  True, False, False, False,
        False, False, False, False, False, False, False, False, False],
       [ True,  True, False, False, False,  True, False, False, False,
        False, False, False, False, False, False, False, False, False],
       [ True,  True,  True, False, False,  True, False, False, False,
        False, False, False, False, False, False, False, False, False],
       [ True,  True,  True, False, False,  True, False,  True, False,
        False, False, False, False, False, False, False, False, False],
       [ True,  True,  True, False, False,  True, False,  True, False,
        False, False, False, False,  True, False, False, False, False],
       [ True,  True,  True, False, False,  True, False,  True, False,
        False, False, False,  True,  True, False, False, False, False],
       [ True,  True,  True, False,  True,  True, False,  True, False,
        False, False, False,  True,  True, False, False, False, False],
       [ True,  True,  True, False,  True,  True,  True,  True, False,
        False, False, False,  True,  True, False, False, False, False],
       [ True,  True,  True,  True,  True,  True,  True,  True, False,
        False, False, False,  True,  True, False, False, False, False],
       [ True,  True,  True,  True,  True,  True,  True,  True, False,
        False, False, False,  True,  True, False, False, False,  True],
       [ True,  True,  True,  True,  True,  True,  True,  True, False,
        False, False, False,  True,  True, False,  True, False,  True],
       [ True,  True,  True,  True,  True,  True,  True,  True, False,
        False, False,  True,  True,  True, False,  True, False,  True],
       [ True,  True,  True,  True,  True,  True,  True,  True,  True,
        False, False,  True,  True,  True, False,  True, False,  True],
       [ True,  True,  True,  True,  True,  True,  True,  True,  True,
         True, False,  True,  True,  True, False,  True, False,  True],
       [ True,  True,  True,  True,  True,  True,  True,  True,  True,
         True, False,  True,  True,  True,  True,  True, False,  True],
       [ True,  True,  True,  True,  True,  True,  True,  True,  True,
         True, False,  True,  True,  True,  True,  True,  True,  True],
       [ True,  True,  True,  True,  True,  True,  True,  True,  True,
         True,  True,  True,  True,  True,  True,  True,  True,  True]]), 'split2_support': array([[False,  True, False, False, False, False, False, False, False,
        False, False, False, False, False, False, False, False, False],
       [False,  True,  True, False, False, False, False, False, False,
        False, False, False, False, False, False, False, False, False],
       [False,  True,  True, False, False,  True, False, False, False,
        False, False, False, False, False, False, False, False, False],
       [False,  True,  True, False, False,  True, False,  True, False,
        False, False, False, False, False, False, False, False, False],
       [False,  True,  True,  True, False,  True, False,  True, False,
        False, False, False, False, False, False, False, False, False],
       [False,  True,  True,  True,  True,  True, False,  True, False,
        False, False, False, False, False, False, False, False, False],
       [False,  True,  True,  True,  True,  True, False,  True, False,
        False, False, False, False,  True, False, False, False, False],
       [False,  True,  True,  True,  True,  True, False,  True, False,
        False, False, False, False,  True, False, False, False,  True],
       [ True,  True,  True,  True,  True,  True, False,  True, False,
        False, False, False, False,  True, False, False, False,  True],
       [ True,  True,  True,  True,  True,  True, False,  True, False,
        False, False, False,  True,  True, False, False, False,  True],
       [ True,  True,  True,  True,  True,  True,  True,  True, False,
        False, False, False,  True,  True, False, False, False,  True],
       [ True,  True,  True,  True,  True,  True,  True,  True,  True,
        False, False, False,  True,  True, False, False, False,  True],
       [ True,  True,  True,  True,  True,  True,  True,  True,  True,
        False, False, False,  True,  True, False,  True, False,  True],
       [ True,  True,  True,  True,  True,  True,  True,  True,  True,
        False, False,  True,  True,  True, False,  True, False,  True],
       [ True,  True,  True,  True,  True,  True,  True,  True,  True,
        False, False,  True,  True,  True, False,  True,  True,  True],
       [ True,  True,  True,  True,  True,  True,  True,  True,  True,
         True, False,  True,  True,  True, False,  True,  True,  True],
       [ True,  True,  True,  True,  True,  True,  True,  True,  True,
         True, False,  True,  True,  True,  True,  True,  True,  True],
       [ True,  True,  True,  True,  True,  True,  True,  True,  True,
         True,  True,  True,  True,  True,  True,  True,  True,  True]]), 'split3_support': array([[False,  True, False, False, False, False, False, False, False,
        False, False, False, False, False, False, False, False, False],
       [False,  True,  True, False, False, False, False, False, False,
        False, False, False, False, False, False, False, False, False],
       [False,  True,  True, False, False,  True, False, False, False,
        False, False, False, False, False, False, False, False, False],
       [ True,  True,  True, False, False,  True, False, False, False,
        False, False, False, False, False, False, False, False, False],
       [ True,  True,  True, False, False,  True, False,  True, False,
        False, False, False, False, False, False, False, False, False],
       [ True,  True,  True, False, False,  True, False,  True, False,
        False, False, False, False,  True, False, False, False, False],
       [ True,  True,  True, False,  True,  True, False,  True, False,
        False, False, False, False,  True, False, False, False, False],
       [ True,  True,  True,  True,  True,  True, False,  True, False,
        False, False, False, False,  True, False, False, False, False],
       [ True,  True,  True,  True,  True,  True, False,  True, False,
        False, False, False,  True,  True, False, False, False, False],
       [ True,  True,  True,  True,  True,  True, False,  True, False,
        False, False, False,  True,  True, False, False, False,  True],
       [ True,  True,  True,  True,  True,  True, False,  True, False,
        False, False,  True,  True,  True, False, False, False,  True],
       [ True,  True,  True,  True,  True,  True,  True,  True, False,
        False, False,  True,  True,  True, False, False, False,  True],
       [ True,  True,  True,  True,  True,  True,  True,  True, False,
        False, False,  True,  True,  True, False,  True, False,  True],
       [ True,  True,  True,  True,  True,  True,  True,  True, False,
         True, False,  True,  True,  True, False,  True, False,  True],
       [ True,  True,  True,  True,  True,  True,  True,  True,  True,
         True, False,  True,  True,  True, False,  True, False,  True],
       [ True,  True,  True,  True,  True,  True,  True,  True,  True,
         True, False,  True,  True,  True,  True,  True, False,  True],
       [ True,  True,  True,  True,  True,  True,  True,  True,  True,
         True, False,  True,  True,  True,  True,  True,  True,  True],
       [ True,  True,  True,  True,  True,  True,  True,  True,  True,
         True,  True,  True,  True,  True,  True,  True,  True,  True]]), 'split4_support': array([[False, False, False, False, False,  True, False, False, False,
        False, False, False, False, False, False, False, False, False],
       [False, False,  True, False, False,  True, False, False, False,
        False, False, False, False, False, False, False, False, False],
       [False,  True,  True, False, False,  True, False, False, False,
        False, False, False, False, False, False, False, False, False],
       [False,  True,  True, False, False,  True, False, False, False,
        False, False, False, False, False, False, False, False,  True],
       [False,  True,  True, False, False,  True, False, False, False,
        False, False, False, False,  True, False, False, False,  True],
       [False,  True,  True, False, False,  True, False, False, False,
        False, False, False,  True,  True, False, False, False,  True],
       [False,  True,  True, False, False,  True, False,  True, False,
        False, False, False,  True,  True, False, False, False,  True],
       [False,  True,  True, False, False,  True, False,  True, False,
        False, False, False,  True,  True, False,  True, False,  True],
       [False,  True,  True, False,  True,  True, False,  True, False,
        False, False, False,  True,  True, False,  True, False,  True],
       [False,  True,  True,  True,  True,  True, False,  True, False,
        False, False, False,  True,  True, False,  True, False,  True],
       [ True,  True,  True,  True,  True,  True, False,  True, False,
        False, False, False,  True,  True, False,  True, False,  True],
       [ True,  True,  True,  True,  True,  True, False,  True, False,
        False, False,  True,  True,  True, False,  True, False,  True],
       [ True,  True,  True,  True,  True,  True, False,  True, False,
        False, False,  True,  True,  True,  True,  True, False,  True],
       [ True,  True,  True,  True,  True,  True,  True,  True, False,
        False, False,  True,  True,  True,  True,  True, False,  True],
       [ True,  True,  True,  True,  True,  True,  True,  True, False,
         True, False,  True,  True,  True,  True,  True, False,  True],
       [ True,  True,  True,  True,  True,  True,  True,  True,  True,
         True, False,  True,  True,  True,  True,  True, False,  True],
       [ True,  True,  True,  True,  True,  True,  True,  True,  True,
         True, False,  True,  True,  True,  True,  True,  True,  True],
       [ True,  True,  True,  True,  True,  True,  True,  True,  True,
         True,  True,  True,  True,  True,  True,  True,  True,  True]]), 'n_features': array([ 1,  2,  3,  4,  5,  6,  7,  8,  9, 10, 11, 12, 13, 14, 15, 16, 17,
       18])}"
daily,Logistic Regression,LogisticRegression_rfecv_selection,feature_selection,,RFECV
daily,Logistic Regression,LogisticRegression_rfecv_selection,feature_selection,,"['sd', 'inactive_ratio', 'longest_inactivity', '12_hour_day_activity', '12_hour_night_activity', 'day_night_ratio', 'mean_absolute_change_activity', 'IV', 'RA', 'activity_night', 'activity_afternoon', 'inactive_night', 'inactive_morning', 'inactive_afternoon', 'inactive_evening']"
daily,Logistic Regression,LogisticRegression_rfecv_selection,feature_selection,,15
daily,Logistic Regression,LogisticRegression_rfecv_selection,feature_selection,,"                          feature  selected  ranking
1                              sd      True        1
2                  inactive_ratio      True        1
3              longest_inactivity      True        1
4            12_hour_day_activity      True        1
6                 day_night_ratio      True        1
5          12_hour_night_activity      True        1
7   mean_absolute_change_activity      True        1
8                              IV      True        1
15               inactive_morning      True        1
9                              RA      True        1
10                 activity_night      True        1
12             activity_afternoon      True        1
14                 inactive_night      True        1
16             inactive_afternoon      True        1
17               inactive_evening      True        1
11               activity_morning     False        2
13               activity_evening     False        3
0                            mean     False        4"
daily,Logistic Regression,LogisticRegression_rfecv_selection,feature_selection,,"{'mean_test_score': array([0.61142208, 0.64423492, 0.72861896, 0.72475333, 0.73126527,
       0.72649869, 0.7345572 , 0.72743339, 0.72800342, 0.74632792,
       0.77712587, 0.78635127, 0.79631695, 0.79698456, 0.8170915 ,
       0.8155613 , 0.81463193, 0.81548664]), 'std_test_score': array([0.04753987, 0.07540231, 0.0839493 , 0.05627423, 0.06692346,
       0.06322844, 0.05734091, 0.07954089, 0.09116628, 0.07381682,
       0.0799832 , 0.07804144, 0.06924934, 0.06869952, 0.07094062,
       0.0629089 , 0.06270277, 0.06374006]), 'split0_test_score': array([0.66139796, 0.71443625, 0.80160403, 0.80160403, 0.82554736,
       0.80757523, 0.80757523, 0.81184873, 0.81957616, 0.83327479,
       0.88713265, 0.87600983, 0.88028334, 0.87600983, 0.89392343,
       0.89392343, 0.88964992, 0.89392343]), 'split1_test_score': array([0.6167288 , 0.66903541, 0.77201771, 0.694548  , 0.69699441,
       0.69268406, 0.71295433, 0.6248835 , 0.60892358, 0.67043336,
       0.69070363, 0.69501398, 0.70421715, 0.6999068 , 0.6944315 ,
       0.71901212, 0.71470177, 0.71470177]), 'split2_test_score': array([0.62684729, 0.64771483, 0.78995621, 0.77565681, 0.79720854,
       0.79720854, 0.79720854, 0.82963875, 0.84893268, 0.82081281,
       0.85461138, 0.86323207, 0.86323207, 0.85461138, 0.86323207,
       0.86323207, 0.86323207, 0.86323207]), 'split3_test_score': array([0.63100775, 0.68992248, 0.70484496, 0.70484496, 0.67325581,
       0.68003876, 0.6877907 , 0.6877907 , 0.68003876, 0.75213178,
       0.75213178, 0.8003876 , 0.8003876 , 0.82093023, 0.84922481,
       0.82926357, 0.82926357, 0.82926357]), 'split4_test_score': array([0.52112861, 0.50006562, 0.57467192, 0.64711286, 0.66332021,
       0.65498688, 0.66725722, 0.68300525, 0.68254593, 0.65498688,
       0.70104987, 0.69711286, 0.73346457, 0.73346457, 0.78464567,
       0.77237533, 0.77631234, 0.77631234]), 'split0_ranking': array([[18, 11,  4, 15, 14,  8, 13, 10,  5,  2,  9, 16, 12, 17,  1,  6,
         7,  3],
       [17, 10,  3, 14, 13,  7, 12,  9,  4,  1,  8, 15, 11, 16,  1,  5,
         6,  2],
       [16,  9,  2, 13, 12,  6, 11,  8,  3,  1,  7, 14, 10, 15,  1,  4,
         5,  1],
       [15,  8,  1, 12, 11,  5, 10,  7,  2,  1,  6, 13,  9, 14,  1,  3,
         4,  1],
       [14,  7,  1, 11, 10,  4,  9,  6,  1,  1,  5, 12,  8, 13,  1,  2,
         3,  1],
       [13,  6,  1, 10,  9,  3,  8,  5,  1,  1,  4, 11,  7, 12,  1,  1,
         2,  1],
       [12,  5,  1,  9,  8,  2,  7,  4,  1,  1,  3, 10,  6, 11,  1,  1,
         1,  1],
       [11,  4,  1,  8,  7,  1,  6,  3,  1,  1,  2,  9,  5, 10,  1,  1,
         1,  1],
       [10,  3,  1,  7,  6,  1,  5,  2,  1,  1,  1,  8,  4,  9,  1,  1,
         1,  1],
       [ 9,  2,  1,  6,  5,  1,  4,  1,  1,  1,  1,  7,  3,  8,  1,  1,
         1,  1],
       [ 8,  1,  1,  5,  4,  1,  3,  1,  1,  1,  1,  6,  2,  7,  1,  1,
         1,  1],
       [ 7,  1,  1,  4,  3,  1,  2,  1,  1,  1,  1,  5,  1,  6,  1,  1,
         1,  1],
       [ 6,  1,  1,  3,  2,  1,  1,  1,  1,  1,  1,  4,  1,  5,  1,  1,
         1,  1],
       [ 5,  1,  1,  2,  1,  1,  1,  1,  1,  1,  1,  3,  1,  4,  1,  1,
         1,  1],
       [ 4,  1,  1,  1,  1,  1,  1,  1,  1,  1,  1,  2,  1,  3,  1,  1,
         1,  1],
       [ 3,  1,  1,  1,  1,  1,  1,  1,  1,  1,  1,  1,  1,  2,  1,  1,
         1,  1],
       [ 2,  1,  1,  1,  1,  1,  1,  1,  1,  1,  1,  1,  1,  1,  1,  1,
         1,  1],
       [ 1,  1,  1,  1,  1,  1,  1,  1,  1,  1,  1,  1,  1,  1,  1,  1,
         1,  1]]), 'split1_ranking': array([[17, 15,  5, 16, 10,  8, 14,  9,  4,  2, 18, 12, 11, 13,  1,  7,
         6,  3],
       [16, 14,  4, 15,  9,  7, 13,  8,  3,  1, 17, 11, 10, 12,  1,  6,
         5,  2],
       [15, 13,  3, 14,  8,  6, 12,  7,  2,  1, 16, 10,  9, 11,  1,  5,
         4,  1],
       [14, 12,  2, 13,  7,  5, 11,  6,  1,  1, 15,  9,  8, 10,  1,  4,
         3,  1],
       [13, 11,  1, 12,  6,  4, 10,  5,  1,  1, 14,  8,  7,  9,  1,  3,
         2,  1],
       [12, 10,  1, 11,  5,  3,  9,  4,  1,  1, 13,  7,  6,  8,  1,  2,
         1,  1],
       [11,  9,  1, 10,  4,  2,  8,  3,  1,  1, 12,  6,  5,  7,  1,  1,
         1,  1],
       [10,  8,  1,  9,  3,  1,  7,  2,  1,  1, 11,  5,  4,  6,  1,  1,
         1,  1],
       [ 9,  7,  1,  8,  2,  1,  6,  1,  1,  1, 10,  4,  3,  5,  1,  1,
         1,  1],
       [ 8,  6,  1,  7,  1,  1,  5,  1,  1,  1,  9,  3,  2,  4,  1,  1,
         1,  1],
       [ 7,  5,  1,  6,  1,  1,  4,  1,  1,  1,  8,  2,  1,  3,  1,  1,
         1,  1],
       [ 6,  4,  1,  5,  1,  1,  3,  1,  1,  1,  7,  1,  1,  2,  1,  1,
         1,  1],
       [ 5,  3,  1,  4,  1,  1,  2,  1,  1,  1,  6,  1,  1,  1,  1,  1,
         1,  1],
       [ 4,  2,  1,  3,  1,  1,  1,  1,  1,  1,  5,  1,  1,  1,  1,  1,
         1,  1],
       [ 3,  1,  1,  2,  1,  1,  1,  1,  1,  1,  4,  1,  1,  1,  1,  1,
         1,  1],
       [ 2,  1,  1,  1,  1,  1,  1,  1,  1,  1,  3,  1,  1,  1,  1,  1,
         1,  1],
       [ 1,  1,  1,  1,  1,  1,  1,  1,  1,  1,  2,  1,  1,  1,  1,  1,
         1,  1],
       [ 1,  1,  1,  1,  1,  1,  1,  1,  1,  1,  1,  1,  1,  1,  1,  1,
         1,  1]]), 'split2_ranking': array([[18, 12,  5, 15, 14,  8, 13, 10,  4,  2,  9, 16, 11, 17,  1,  7,
         6,  3],
       [17, 11,  4, 14, 13,  7, 12,  9,  3,  1,  8, 15, 10, 16,  1,  6,
         5,  2],
       [16, 10,  3, 13, 12,  6, 11,  8,  2,  1,  7, 14,  9, 15,  1,  5,
         4,  1],
       [15,  9,  2, 12, 11,  5, 10,  7,  1,  1,  6, 13,  8, 14,  1,  4,
         3,  1],
       [14,  8,  1, 11, 10,  4,  9,  6,  1,  1,  5, 12,  7, 13,  1,  3,
         2,  1],
       [13,  7,  1, 10,  9,  3,  8,  5,  1,  1,  4, 11,  6, 12,  1,  2,
         1,  1],
       [12,  6,  1,  9,  8,  2,  7,  4,  1,  1,  3, 10,  5, 11,  1,  1,
         1,  1],
       [11,  5,  1,  8,  7,  1,  6,  3,  1,  1,  2,  9,  4, 10,  1,  1,
         1,  1],
       [10,  4,  1,  7,  6,  1,  5,  2,  1,  1,  1,  8,  3,  9,  1,  1,
         1,  1],
       [ 9,  3,  1,  6,  5,  1,  4,  1,  1,  1,  1,  7,  2,  8,  1,  1,
         1,  1],
       [ 8,  2,  1,  5,  4,  1,  3,  1,  1,  1,  1,  6,  1,  7,  1,  1,
         1,  1],
       [ 7,  1,  1,  4,  3,  1,  2,  1,  1,  1,  1,  5,  1,  6,  1,  1,
         1,  1],
       [ 6,  1,  1,  3,  2,  1,  1,  1,  1,  1,  1,  4,  1,  5,  1,  1,
         1,  1],
       [ 5,  1,  1,  2,  1,  1,  1,  1,  1,  1,  1,  3,  1,  4,  1,  1,
         1,  1],
       [ 4,  1,  1,  1,  1,  1,  1,  1,  1,  1,  1,  2,  1,  3,  1,  1,
         1,  1],
       [ 3,  1,  1,  1,  1,  1,  1,  1,  1,  1,  1,  1,  1,  2,  1,  1,
         1,  1],
       [ 2,  1,  1,  1,  1,  1,  1,  1,  1,  1,  1,  1,  1,  1,  1,  1,
         1,  1],
       [ 1,  1,  1,  1,  1,  1,  1,  1,  1,  1,  1,  1,  1,  1,  1,  1,
         1,  1]]), 'split3_ranking': array([[18, 10,  4, 12, 15,  6, 11,  9,  5,  3,  7, 16, 14, 17,  2, 13,
         8,  1],
       [17,  9,  3, 11, 14,  5, 10,  8,  4,  2,  6, 15, 13, 16,  1, 12,
         7,  1],
       [16,  8,  2, 10, 13,  4,  9,  7,  3,  1,  5, 14, 12, 15,  1, 11,
         6,  1],
       [15,  7,  1,  9, 12,  3,  8,  6,  2,  1,  4, 13, 11, 14,  1, 10,
         5,  1],
       [14,  6,  1,  8, 11,  2,  7,  5,  1,  1,  3, 12, 10, 13,  1,  9,
         4,  1],
       [13,  5,  1,  7, 10,  1,  6,  4,  1,  1,  2, 11,  9, 12,  1,  8,
         3,  1],
       [12,  4,  1,  6,  9,  1,  5,  3,  1,  1,  1, 10,  8, 11,  1,  7,
         2,  1],
       [11,  3,  1,  5,  8,  1,  4,  2,  1,  1,  1,  9,  7, 10,  1,  6,
         1,  1],
       [10,  2,  1,  4,  7,  1,  3,  1,  1,  1,  1,  8,  6,  9,  1,  5,
         1,  1],
       [ 9,  1,  1,  3,  6,  1,  2,  1,  1,  1,  1,  7,  5,  8,  1,  4,
         1,  1],
       [ 8,  1,  1,  2,  5,  1,  1,  1,  1,  1,  1,  6,  4,  7,  1,  3,
         1,  1],
       [ 7,  1,  1,  1,  4,  1,  1,  1,  1,  1,  1,  5,  3,  6,  1,  2,
         1,  1],
       [ 6,  1,  1,  1,  3,  1,  1,  1,  1,  1,  1,  4,  2,  5,  1,  1,
         1,  1],
       [ 5,  1,  1,  1,  2,  1,  1,  1,  1,  1,  1,  3,  1,  4,  1,  1,
         1,  1],
       [ 4,  1,  1,  1,  1,  1,  1,  1,  1,  1,  1,  2,  1,  3,  1,  1,
         1,  1],
       [ 3,  1,  1,  1,  1,  1,  1,  1,  1,  1,  1,  1,  1,  2,  1,  1,
         1,  1],
       [ 2,  1,  1,  1,  1,  1,  1,  1,  1,  1,  1,  1,  1,  1,  1,  1,
         1,  1],
       [ 1,  1,  1,  1,  1,  1,  1,  1,  1,  1,  1,  1,  1,  1,  1,  1,
         1,  1]]), 'split4_ranking': array([[18, 11,  5, 15, 14,  8, 12, 10,  4,  2,  9, 16, 13, 17,  1,  7,
         6,  3],
       [17, 10,  4, 14, 13,  7, 11,  9,  3,  1,  8, 15, 12, 16,  1,  6,
         5,  2],
       [16,  9,  3, 13, 12,  6, 10,  8,  2,  1,  7, 14, 11, 15,  1,  5,
         4,  1],
       [15,  8,  2, 12, 11,  5,  9,  7,  1,  1,  6, 13, 10, 14,  1,  4,
         3,  1],
       [14,  7,  1, 11, 10,  4,  8,  6,  1,  1,  5, 12,  9, 13,  1,  3,
         2,  1],
       [13,  6,  1, 10,  9,  3,  7,  5,  1,  1,  4, 11,  8, 12,  1,  2,
         1,  1],
       [12,  5,  1,  9,  8,  2,  6,  4,  1,  1,  3, 10,  7, 11,  1,  1,
         1,  1],
       [11,  4,  1,  8,  7,  1,  5,  3,  1,  1,  2,  9,  6, 10,  1,  1,
         1,  1],
       [10,  3,  1,  7,  6,  1,  4,  2,  1,  1,  1,  8,  5,  9,  1,  1,
         1,  1],
       [ 9,  2,  1,  6,  5,  1,  3,  1,  1,  1,  1,  7,  4,  8,  1,  1,
         1,  1],
       [ 8,  1,  1,  5,  4,  1,  2,  1,  1,  1,  1,  6,  3,  7,  1,  1,
         1,  1],
       [ 7,  1,  1,  4,  3,  1,  1,  1,  1,  1,  1,  5,  2,  6,  1,  1,
         1,  1],
       [ 6,  1,  1,  3,  2,  1,  1,  1,  1,  1,  1,  4,  1,  5,  1,  1,
         1,  1],
       [ 5,  1,  1,  2,  1,  1,  1,  1,  1,  1,  1,  3,  1,  4,  1,  1,
         1,  1],
       [ 4,  1,  1,  1,  1,  1,  1,  1,  1,  1,  1,  2,  1,  3,  1,  1,
         1,  1],
       [ 3,  1,  1,  1,  1,  1,  1,  1,  1,  1,  1,  1,  1,  2,  1,  1,
         1,  1],
       [ 2,  1,  1,  1,  1,  1,  1,  1,  1,  1,  1,  1,  1,  1,  1,  1,
         1,  1],
       [ 1,  1,  1,  1,  1,  1,  1,  1,  1,  1,  1,  1,  1,  1,  1,  1,
         1,  1]]), 'split0_support': array([[False, False, False, False, False, False, False, False, False,
        False, False, False, False, False,  True, False, False, False],
       [False, False, False, False, False, False, False, False, False,
         True, False, False, False, False,  True, False, False, False],
       [False, False, False, False, False, False, False, False, False,
         True, False, False, False, False,  True, False, False,  True],
       [False, False,  True, False, False, False, False, False, False,
         True, False, False, False, False,  True, False, False,  True],
       [False, False,  True, False, False, False, False, False,  True,
         True, False, False, False, False,  True, False, False,  True],
       [False, False,  True, False, False, False, False, False,  True,
         True, False, False, False, False,  True,  True, False,  True],
       [False, False,  True, False, False, False, False, False,  True,
         True, False, False, False, False,  True,  True,  True,  True],
       [False, False,  True, False, False,  True, False, False,  True,
         True, False, False, False, False,  True,  True,  True,  True],
       [False, False,  True, False, False,  True, False, False,  True,
         True,  True, False, False, False,  True,  True,  True,  True],
       [False, False,  True, False, False,  True, False,  True,  True,
         True,  True, False, False, False,  True,  True,  True,  True],
       [False,  True,  True, False, False,  True, False,  True,  True,
         True,  True, False, False, False,  True,  True,  True,  True],
       [False,  True,  True, False, False,  True, False,  True,  True,
         True,  True, False,  True, False,  True,  True,  True,  True],
       [False,  True,  True, False, False,  True,  True,  True,  True,
         True,  True, False,  True, False,  True,  True,  True,  True],
       [False,  True,  True, False,  True,  True,  True,  True,  True,
         True,  True, False,  True, False,  True,  True,  True,  True],
       [False,  True,  True,  True,  True,  True,  True,  True,  True,
         True,  True, False,  True, False,  True,  True,  True,  True],
       [False,  True,  True,  True,  True,  True,  True,  True,  True,
         True,  True,  True,  True, False,  True,  True,  True,  True],
       [False,  True,  True,  True,  True,  True,  True,  True,  True,
         True,  True,  True,  True,  True,  True,  True,  True,  True],
       [ True,  True,  True,  True,  True,  True,  True,  True,  True,
         True,  True,  True,  True,  True,  True,  True,  True,  True]]), 'split1_support': array([[False, False, False, False, False, False, False, False, False,
        False, False, False, False, False,  True, False, False, False],
       [False, False, False, False, False, False, False, False, False,
         True, False, False, False, False,  True, False, False, False],
       [False, False, False, False, False, False, False, False, False,
         True, False, False, False, False,  True, False, False,  True],
       [False, False, False, False, False, False, False, False,  True,
         True, False, False, False, False,  True, False, False,  True],
       [False, False,  True, False, False, False, False, False,  True,
         True, False, False, False, False,  True, False, False,  True],
       [False, False,  True, False, False, False, False, False,  True,
         True, False, False, False, False,  True, False,  True,  True],
       [False, False,  True, False, False, False, False, False,  True,
         True, False, False, False, False,  True,  True,  True,  True],
       [False, False,  True, False, False,  True, False, False,  True,
         True, False, False, False, False,  True,  True,  True,  True],
       [False, False,  True, False, False,  True, False,  True,  True,
         True, False, False, False, False,  True,  True,  True,  True],
       [False, False,  True, False,  True,  True, False,  True,  True,
         True, False, False, False, False,  True,  True,  True,  True],
       [False, False,  True, False,  True,  True, False,  True,  True,
         True, False, False,  True, False,  True,  True,  True,  True],
       [False, False,  True, False,  True,  True, False,  True,  True,
         True, False,  True,  True, False,  True,  True,  True,  True],
       [False, False,  True, False,  True,  True, False,  True,  True,
         True, False,  True,  True,  True,  True,  True,  True,  True],
       [False, False,  True, False,  True,  True,  True,  True,  True,
         True, False,  True,  True,  True,  True,  True,  True,  True],
       [False,  True,  True, False,  True,  True,  True,  True,  True,
         True, False,  True,  True,  True,  True,  True,  True,  True],
       [False,  True,  True,  True,  True,  True,  True,  True,  True,
         True, False,  True,  True,  True,  True,  True,  True,  True],
       [ True,  True,  True,  True,  True,  True,  True,  True,  True,
         True, False,  True,  True,  True,  True,  True,  True,  True],
       [ True,  True,  True,  True,  True,  True,  True,  True,  True,
         True,  True,  True,  True,  True,  True,  True,  True,  True]]), 'split2_support': array([[False, False, False, False, False, False, False, False, False,
        False, False, False, False, False,  True, False, False, False],
       [False, False, False, False, False, False, False, False, False,
         True, False, False, False, False,  True, False, False, False],
       [False, False, False, False, False, False, False, False, False,
         True, False, False, False, False,  True, False, False,  True],
       [False, False, False, False, False, False, False, False,  True,
         True, False, False, False, False,  True, False, False,  True],
       [False, False,  True, False, False, False, False, False,  True,
         True, False, False, False, False,  True, False, False,  True],
       [False, False,  True, False, False, False, False, False,  True,
         True, False, False, False, False,  True, False,  True,  True],
       [False, False,  True, False, False, False, False, False,  True,
         True, False, False, False, False,  True,  True,  True,  True],
       [False, False,  True, False, False,  True, False, False,  True,
         True, False, False, False, False,  True,  True,  True,  True],
       [False, False,  True, False, False,  True, False, False,  True,
         True,  True, False, False, False,  True,  True,  True,  True],
       [False, False,  True, False, False,  True, False,  True,  True,
         True,  True, False, False, False,  True,  True,  True,  True],
       [False, False,  True, False, False,  True, False,  True,  True,
         True,  True, False,  True, False,  True,  True,  True,  True],
       [False,  True,  True, False, False,  True, False,  True,  True,
         True,  True, False,  True, False,  True,  True,  True,  True],
       [False,  True,  True, False, False,  True,  True,  True,  True,
         True,  True, False,  True, False,  True,  True,  True,  True],
       [False,  True,  True, False,  True,  True,  True,  True,  True,
         True,  True, False,  True, False,  True,  True,  True,  True],
       [False,  True,  True,  True,  True,  True,  True,  True,  True,
         True,  True, False,  True, False,  True,  True,  True,  True],
       [False,  True,  True,  True,  True,  True,  True,  True,  True,
         True,  True,  True,  True, False,  True,  True,  True,  True],
       [False,  True,  True,  True,  True,  True,  True,  True,  True,
         True,  True,  True,  True,  True,  True,  True,  True,  True],
       [ True,  True,  True,  True,  True,  True,  True,  True,  True,
         True,  True,  True,  True,  True,  True,  True,  True,  True]]), 'split3_support': array([[False, False, False, False, False, False, False, False, False,
        False, False, False, False, False, False, False, False,  True],
       [False, False, False, False, False, False, False, False, False,
        False, False, False, False, False,  True, False, False,  True],
       [False, False, False, False, False, False, False, False, False,
         True, False, False, False, False,  True, False, False,  True],
       [False, False,  True, False, False, False, False, False, False,
         True, False, False, False, False,  True, False, False,  True],
       [False, False,  True, False, False, False, False, False,  True,
         True, False, False, False, False,  True, False, False,  True],
       [False, False,  True, False, False,  True, False, False,  True,
         True, False, False, False, False,  True, False, False,  True],
       [False, False,  True, False, False,  True, False, False,  True,
         True,  True, False, False, False,  True, False, False,  True],
       [False, False,  True, False, False,  True, False, False,  True,
         True,  True, False, False, False,  True, False,  True,  True],
       [False, False,  True, False, False,  True, False,  True,  True,
         True,  True, False, False, False,  True, False,  True,  True],
       [False,  True,  True, False, False,  True, False,  True,  True,
         True,  True, False, False, False,  True, False,  True,  True],
       [False,  True,  True, False, False,  True,  True,  True,  True,
         True,  True, False, False, False,  True, False,  True,  True],
       [False,  True,  True,  True, False,  True,  True,  True,  True,
         True,  True, False, False, False,  True, False,  True,  True],
       [False,  True,  True,  True, False,  True,  True,  True,  True,
         True,  True, False, False, False,  True,  True,  True,  True],
       [False,  True,  True,  True, False,  True,  True,  True,  True,
         True,  True, False,  True, False,  True,  True,  True,  True],
       [False,  True,  True,  True,  True,  True,  True,  True,  True,
         True,  True, False,  True, False,  True,  True,  True,  True],
       [False,  True,  True,  True,  True,  True,  True,  True,  True,
         True,  True,  True,  True, False,  True,  True,  True,  True],
       [False,  True,  True,  True,  True,  True,  True,  True,  True,
         True,  True,  True,  True,  True,  True,  True,  True,  True],
       [ True,  True,  True,  True,  True,  True,  True,  True,  True,
         True,  True,  True,  True,  True,  True,  True,  True,  True]]), 'split4_support': array([[False, False, False, False, False, False, False, False, False,
        False, False, False, False, False,  True, False, False, False],
       [False, False, False, False, False, False, False, False, False,
         True, False, False, False, False,  True, False, False, False],
       [False, False, False, False, False, False, False, False, False,
         True, False, False, False, False,  True, False, False,  True],
       [False, False, False, False, False, False, False, False,  True,
         True, False, False, False, False,  True, False, False,  True],
       [False, False,  True, False, False, False, False, False,  True,
         True, False, False, False, False,  True, False, False,  True],
       [False, False,  True, False, False, False, False, False,  True,
         True, False, False, False, False,  True, False,  True,  True],
       [False, False,  True, False, False, False, False, False,  True,
         True, False, False, False, False,  True,  True,  True,  True],
       [False, False,  True, False, False,  True, False, False,  True,
         True, False, False, False, False,  True,  True,  True,  True],
       [False, False,  True, False, False,  True, False, False,  True,
         True,  True, False, False, False,  True,  True,  True,  True],
       [False, False,  True, False, False,  True, False,  True,  True,
         True,  True, False, False, False,  True,  True,  True,  True],
       [False,  True,  True, False, False,  True, False,  True,  True,
         True,  True, False, False, False,  True,  True,  True,  True],
       [False,  True,  True, False, False,  True,  True,  True,  True,
         True,  True, False, False, False,  True,  True,  True,  True],
       [False,  True,  True, False, False,  True,  True,  True,  True,
         True,  True, False,  True, False,  True,  True,  True,  True],
       [False,  True,  True, False,  True,  True,  True,  True,  True,
         True,  True, False,  True, False,  True,  True,  True,  True],
       [False,  True,  True,  True,  True,  True,  True,  True,  True,
         True,  True, False,  True, False,  True,  True,  True,  True],
       [False,  True,  True,  True,  True,  True,  True,  True,  True,
         True,  True,  True,  True, False,  True,  True,  True,  True],
       [False,  True,  True,  True,  True,  True,  True,  True,  True,
         True,  True,  True,  True,  True,  True,  True,  True,  True],
       [ True,  True,  True,  True,  True,  True,  True,  True,  True,
         True,  True,  True,  True,  True,  True,  True,  True,  True]]), 'n_features': array([ 1,  2,  3,  4,  5,  6,  7,  8,  9, 10, 11, 12, 13, 14, 15, 16, 17,
       18])}"
daily,Decision Tree,DecisionTreeClassifier_rfecv_selection,feature_selection,,RFECV
daily,Decision Tree,DecisionTreeClassifier_rfecv_selection,feature_selection,,['inactive_ratio']
daily,Decision Tree,DecisionTreeClassifier_rfecv_selection,feature_selection,,1
daily,Decision Tree,DecisionTreeClassifier_rfecv_selection,feature_selection,,"                          feature  selected  ranking
2                  inactive_ratio      True        1
4            12_hour_day_activity     False        2
1                              sd     False        3
17               inactive_evening     False        4
16             inactive_afternoon     False        5
15               inactive_morning     False        6
14                 inactive_night     False        7
13               activity_evening     False        8
12             activity_afternoon     False        9
11               activity_morning     False       10
10                 activity_night     False       11
9                              RA     False       12
8                              IV     False       13
7   mean_absolute_change_activity     False       14
6                 day_night_ratio     False       15
5          12_hour_night_activity     False       16
3              longest_inactivity     False       17
0                            mean     False       18"
daily,Decision Tree,DecisionTreeClassifier_rfecv_selection,feature_selection,,"{'mean_test_score': array([0.72740107, 0.72373536, 0.72385186, 0.72385186, 0.72385186,
       0.72385186, 0.72385186, 0.72385186, 0.72385186, 0.72385186,
       0.72385186, 0.72385186, 0.72385186, 0.72385186, 0.72385186,
       0.72385186, 0.72385186, 0.72385186]), 'std_test_score': array([0.04749173, 0.05254125, 0.05253232, 0.05253232, 0.05253232,
       0.05253232, 0.05253232, 0.05253232, 0.05253232, 0.05253232,
       0.05253232, 0.05253232, 0.05253232, 0.05253232, 0.05253232,
       0.05253232, 0.05253232, 0.05253232]), 'split0_test_score': array([0.77684112, 0.78111462, 0.78111462, 0.78111462, 0.78111462,
       0.78111462, 0.78111462, 0.78111462, 0.78111462, 0.78111462,
       0.78111462, 0.78111462, 0.78111462, 0.78111462, 0.78111462,
       0.78111462, 0.78111462, 0.78111462]), 'split1_test_score': array([0.68627679, 0.7194781 , 0.72006058, 0.72006058, 0.72006058,
       0.72006058, 0.72006058, 0.72006058, 0.72006058, 0.72006058,
       0.72006058, 0.72006058, 0.72006058, 0.72006058, 0.72006058,
       0.72006058, 0.72006058, 0.72006058]), 'split2_test_score': array([0.77045703, 0.78338807, 0.78338807, 0.78338807, 0.78338807,
       0.78338807, 0.78338807, 0.78338807, 0.78338807, 0.78338807,
       0.78338807, 0.78338807, 0.78338807, 0.78338807, 0.78338807,
       0.78338807, 0.78338807, 0.78338807]), 'split3_test_score': array([0.65717054, 0.68430233, 0.68430233, 0.68430233, 0.68430233,
       0.68430233, 0.68430233, 0.68430233, 0.68430233, 0.68430233,
       0.68430233, 0.68430233, 0.68430233, 0.68430233, 0.68430233,
       0.68430233, 0.68430233, 0.68430233]), 'split4_test_score': array([0.74625984, 0.6503937 , 0.6503937 , 0.6503937 , 0.6503937 ,
       0.6503937 , 0.6503937 , 0.6503937 , 0.6503937 , 0.6503937 ,
       0.6503937 , 0.6503937 , 0.6503937 , 0.6503937 , 0.6503937 ,
       0.6503937 , 0.6503937 , 0.6503937 ]), 'split0_ranking': array([[18,  1, 17, 16,  2,  8, 15, 14, 13, 12, 11, 10,  9,  3,  7,  6,
         5,  4],
       [17,  1, 16, 15,  1,  7, 14, 13, 12, 11, 10,  9,  8,  2,  6,  5,
         4,  3],
       [16,  1, 15, 14,  1,  6, 13, 12, 11, 10,  9,  8,  7,  1,  5,  4,
         3,  2],
       [15,  1, 14, 13,  1,  5, 12, 11, 10,  9,  8,  7,  6,  1,  4,  3,
         2,  1],
       [14,  1, 13, 12,  1,  4, 11, 10,  9,  8,  7,  6,  5,  1,  3,  2,
         1,  1],
       [13,  1, 12, 11,  1,  3, 10,  9,  8,  7,  6,  5,  4,  1,  2,  1,
         1,  1],
       [12,  1, 11, 10,  1,  2,  9,  8,  7,  6,  5,  4,  3,  1,  1,  1,
         1,  1],
       [11,  1, 10,  9,  1,  1,  8,  7,  6,  5,  4,  3,  2,  1,  1,  1,
         1,  1],
       [10,  1,  9,  8,  1,  1,  7,  6,  5,  4,  3,  2,  1,  1,  1,  1,
         1,  1],
       [ 9,  1,  8,  7,  1,  1,  6,  5,  4,  3,  2,  1,  1,  1,  1,  1,
         1,  1],
       [ 8,  1,  7,  6,  1,  1,  5,  4,  3,  2,  1,  1,  1,  1,  1,  1,
         1,  1],
       [ 7,  1,  6,  5,  1,  1,  4,  3,  2,  1,  1,  1,  1,  1,  1,  1,
         1,  1],
       [ 6,  1,  5,  4,  1,  1,  3,  2,  1,  1,  1,  1,  1,  1,  1,  1,
         1,  1],
       [ 5,  1,  4,  3,  1,  1,  2,  1,  1,  1,  1,  1,  1,  1,  1,  1,
         1,  1],
       [ 4,  1,  3,  2,  1,  1,  1,  1,  1,  1,  1,  1,  1,  1,  1,  1,
         1,  1],
       [ 3,  1,  2,  1,  1,  1,  1,  1,  1,  1,  1,  1,  1,  1,  1,  1,
         1,  1],
       [ 2,  1,  1,  1,  1,  1,  1,  1,  1,  1,  1,  1,  1,  1,  1,  1,
         1,  1],
       [ 1,  1,  1,  1,  1,  1,  1,  1,  1,  1,  1,  1,  1,  1,  1,  1,
         1,  1]]), 'split1_ranking': array([[18,  3, 17, 16,  2,  1, 15, 14, 13, 12, 11, 10,  9,  8,  7,  6,
         5,  4],
       [17,  2, 16, 15,  1,  1, 14, 13, 12, 11, 10,  9,  8,  7,  6,  5,
         4,  3],
       [16,  1, 15, 14,  1,  1, 13, 12, 11, 10,  9,  8,  7,  6,  5,  4,
         3,  2],
       [15,  1, 14, 13,  1,  1, 12, 11, 10,  9,  8,  7,  6,  5,  4,  3,
         2,  1],
       [14,  1, 13, 12,  1,  1, 11, 10,  9,  8,  7,  6,  5,  4,  3,  2,
         1,  1],
       [13,  1, 12, 11,  1,  1, 10,  9,  8,  7,  6,  5,  4,  3,  2,  1,
         1,  1],
       [12,  1, 11, 10,  1,  1,  9,  8,  7,  6,  5,  4,  3,  2,  1,  1,
         1,  1],
       [11,  1, 10,  9,  1,  1,  8,  7,  6,  5,  4,  3,  2,  1,  1,  1,
         1,  1],
       [10,  1,  9,  8,  1,  1,  7,  6,  5,  4,  3,  2,  1,  1,  1,  1,
         1,  1],
       [ 9,  1,  8,  7,  1,  1,  6,  5,  4,  3,  2,  1,  1,  1,  1,  1,
         1,  1],
       [ 8,  1,  7,  6,  1,  1,  5,  4,  3,  2,  1,  1,  1,  1,  1,  1,
         1,  1],
       [ 7,  1,  6,  5,  1,  1,  4,  3,  2,  1,  1,  1,  1,  1,  1,  1,
         1,  1],
       [ 6,  1,  5,  4,  1,  1,  3,  2,  1,  1,  1,  1,  1,  1,  1,  1,
         1,  1],
       [ 5,  1,  4,  3,  1,  1,  2,  1,  1,  1,  1,  1,  1,  1,  1,  1,
         1,  1],
       [ 4,  1,  3,  2,  1,  1,  1,  1,  1,  1,  1,  1,  1,  1,  1,  1,
         1,  1],
       [ 3,  1,  2,  1,  1,  1,  1,  1,  1,  1,  1,  1,  1,  1,  1,  1,
         1,  1],
       [ 2,  1,  1,  1,  1,  1,  1,  1,  1,  1,  1,  1,  1,  1,  1,  1,
         1,  1],
       [ 1,  1,  1,  1,  1,  1,  1,  1,  1,  1,  1,  1,  1,  1,  1,  1,
         1,  1]]), 'split2_ranking': array([[18,  3,  1, 17,  2, 16, 15, 14, 13, 12, 11, 10,  9,  8,  7,  6,
         5,  4],
       [17,  2,  1, 16,  1, 15, 14, 13, 12, 11, 10,  9,  8,  7,  6,  5,
         4,  3],
       [16,  1,  1, 15,  1, 14, 13, 12, 11, 10,  9,  8,  7,  6,  5,  4,
         3,  2],
       [15,  1,  1, 14,  1, 13, 12, 11, 10,  9,  8,  7,  6,  5,  4,  3,
         2,  1],
       [14,  1,  1, 13,  1, 12, 11, 10,  9,  8,  7,  6,  5,  4,  3,  2,
         1,  1],
       [13,  1,  1, 12,  1, 11, 10,  9,  8,  7,  6,  5,  4,  3,  2,  1,
         1,  1],
       [12,  1,  1, 11,  1, 10,  9,  8,  7,  6,  5,  4,  3,  2,  1,  1,
         1,  1],
       [11,  1,  1, 10,  1,  9,  8,  7,  6,  5,  4,  3,  2,  1,  1,  1,
         1,  1],
       [10,  1,  1,  9,  1,  8,  7,  6,  5,  4,  3,  2,  1,  1,  1,  1,
         1,  1],
       [ 9,  1,  1,  8,  1,  7,  6,  5,  4,  3,  2,  1,  1,  1,  1,  1,
         1,  1],
       [ 8,  1,  1,  7,  1,  6,  5,  4,  3,  2,  1,  1,  1,  1,  1,  1,
         1,  1],
       [ 7,  1,  1,  6,  1,  5,  4,  3,  2,  1,  1,  1,  1,  1,  1,  1,
         1,  1],
       [ 6,  1,  1,  5,  1,  4,  3,  2,  1,  1,  1,  1,  1,  1,  1,  1,
         1,  1],
       [ 5,  1,  1,  4,  1,  3,  2,  1,  1,  1,  1,  1,  1,  1,  1,  1,
         1,  1],
       [ 4,  1,  1,  3,  1,  2,  1,  1,  1,  1,  1,  1,  1,  1,  1,  1,
         1,  1],
       [ 3,  1,  1,  2,  1,  1,  1,  1,  1,  1,  1,  1,  1,  1,  1,  1,
         1,  1],
       [ 2,  1,  1,  1,  1,  1,  1,  1,  1,  1,  1,  1,  1,  1,  1,  1,
         1,  1],
       [ 1,  1,  1,  1,  1,  1,  1,  1,  1,  1,  1,  1,  1,  1,  1,  1,
         1,  1]]), 'split3_ranking': array([[18,  3,  1, 17,  2, 16, 15, 14, 13, 12, 11, 10,  9,  8,  7,  6,
         5,  4],
       [17,  2,  1, 16,  1, 15, 14, 13, 12, 11, 10,  9,  8,  7,  6,  5,
         4,  3],
       [16,  1,  1, 15,  1, 14, 13, 12, 11, 10,  9,  8,  7,  6,  5,  4,
         3,  2],
       [15,  1,  1, 14,  1, 13, 12, 11, 10,  9,  8,  7,  6,  5,  4,  3,
         2,  1],
       [14,  1,  1, 13,  1, 12, 11, 10,  9,  8,  7,  6,  5,  4,  3,  2,
         1,  1],
       [13,  1,  1, 12,  1, 11, 10,  9,  8,  7,  6,  5,  4,  3,  2,  1,
         1,  1],
       [12,  1,  1, 11,  1, 10,  9,  8,  7,  6,  5,  4,  3,  2,  1,  1,
         1,  1],
       [11,  1,  1, 10,  1,  9,  8,  7,  6,  5,  4,  3,  2,  1,  1,  1,
         1,  1],
       [10,  1,  1,  9,  1,  8,  7,  6,  5,  4,  3,  2,  1,  1,  1,  1,
         1,  1],
       [ 9,  1,  1,  8,  1,  7,  6,  5,  4,  3,  2,  1,  1,  1,  1,  1,
         1,  1],
       [ 8,  1,  1,  7,  1,  6,  5,  4,  3,  2,  1,  1,  1,  1,  1,  1,
         1,  1],
       [ 7,  1,  1,  6,  1,  5,  4,  3,  2,  1,  1,  1,  1,  1,  1,  1,
         1,  1],
       [ 6,  1,  1,  5,  1,  4,  3,  2,  1,  1,  1,  1,  1,  1,  1,  1,
         1,  1],
       [ 5,  1,  1,  4,  1,  3,  2,  1,  1,  1,  1,  1,  1,  1,  1,  1,
         1,  1],
       [ 4,  1,  1,  3,  1,  2,  1,  1,  1,  1,  1,  1,  1,  1,  1,  1,
         1,  1],
       [ 3,  1,  1,  2,  1,  1,  1,  1,  1,  1,  1,  1,  1,  1,  1,  1,
         1,  1],
       [ 2,  1,  1,  1,  1,  1,  1,  1,  1,  1,  1,  1,  1,  1,  1,  1,
         1,  1],
       [ 1,  1,  1,  1,  1,  1,  1,  1,  1,  1,  1,  1,  1,  1,  1,  1,
         1,  1]]), 'split4_ranking': array([[18,  3,  1, 16, 17,  2, 15, 14, 13, 12, 11, 10,  9,  8,  7,  6,
         5,  4],
       [17,  2,  1, 15, 16,  1, 14, 13, 12, 11, 10,  9,  8,  7,  6,  5,
         4,  3],
       [16,  1,  1, 14, 15,  1, 13, 12, 11, 10,  9,  8,  7,  6,  5,  4,
         3,  2],
       [15,  1,  1, 13, 14,  1, 12, 11, 10,  9,  8,  7,  6,  5,  4,  3,
         2,  1],
       [14,  1,  1, 12, 13,  1, 11, 10,  9,  8,  7,  6,  5,  4,  3,  2,
         1,  1],
       [13,  1,  1, 11, 12,  1, 10,  9,  8,  7,  6,  5,  4,  3,  2,  1,
         1,  1],
       [12,  1,  1, 10, 11,  1,  9,  8,  7,  6,  5,  4,  3,  2,  1,  1,
         1,  1],
       [11,  1,  1,  9, 10,  1,  8,  7,  6,  5,  4,  3,  2,  1,  1,  1,
         1,  1],
       [10,  1,  1,  8,  9,  1,  7,  6,  5,  4,  3,  2,  1,  1,  1,  1,
         1,  1],
       [ 9,  1,  1,  7,  8,  1,  6,  5,  4,  3,  2,  1,  1,  1,  1,  1,
         1,  1],
       [ 8,  1,  1,  6,  7,  1,  5,  4,  3,  2,  1,  1,  1,  1,  1,  1,
         1,  1],
       [ 7,  1,  1,  5,  6,  1,  4,  3,  2,  1,  1,  1,  1,  1,  1,  1,
         1,  1],
       [ 6,  1,  1,  4,  5,  1,  3,  2,  1,  1,  1,  1,  1,  1,  1,  1,
         1,  1],
       [ 5,  1,  1,  3,  4,  1,  2,  1,  1,  1,  1,  1,  1,  1,  1,  1,
         1,  1],
       [ 4,  1,  1,  2,  3,  1,  1,  1,  1,  1,  1,  1,  1,  1,  1,  1,
         1,  1],
       [ 3,  1,  1,  1,  2,  1,  1,  1,  1,  1,  1,  1,  1,  1,  1,  1,
         1,  1],
       [ 2,  1,  1,  1,  1,  1,  1,  1,  1,  1,  1,  1,  1,  1,  1,  1,
         1,  1],
       [ 1,  1,  1,  1,  1,  1,  1,  1,  1,  1,  1,  1,  1,  1,  1,  1,
         1,  1]]), 'split0_support': array([[False,  True, False, False, False, False, False, False, False,
        False, False, False, False, False, False, False, False, False],
       [False,  True, False, False,  True, False, False, False, False,
        False, False, False, False, False, False, False, False, False],
       [False,  True, False, False,  True, False, False, False, False,
        False, False, False, False,  True, False, False, False, False],
       [False,  True, False, False,  True, False, False, False, False,
        False, False, False, False,  True, False, False, False,  True],
       [False,  True, False, False,  True, False, False, False, False,
        False, False, False, False,  True, False, False,  True,  True],
       [False,  True, False, False,  True, False, False, False, False,
        False, False, False, False,  True, False,  True,  True,  True],
       [False,  True, False, False,  True, False, False, False, False,
        False, False, False, False,  True,  True,  True,  True,  True],
       [False,  True, False, False,  True,  True, False, False, False,
        False, False, False, False,  True,  True,  True,  True,  True],
       [False,  True, False, False,  True,  True, False, False, False,
        False, False, False,  True,  True,  True,  True,  True,  True],
       [False,  True, False, False,  True,  True, False, False, False,
        False, False,  True,  True,  True,  True,  True,  True,  True],
       [False,  True, False, False,  True,  True, False, False, False,
        False,  True,  True,  True,  True,  True,  True,  True,  True],
       [False,  True, False, False,  True,  True, False, False, False,
         True,  True,  True,  True,  True,  True,  True,  True,  True],
       [False,  True, False, False,  True,  True, False, False,  True,
         True,  True,  True,  True,  True,  True,  True,  True,  True],
       [False,  True, False, False,  True,  True, False,  True,  True,
         True,  True,  True,  True,  True,  True,  True,  True,  True],
       [False,  True, False, False,  True,  True,  True,  True,  True,
         True,  True,  True,  True,  True,  True,  True,  True,  True],
       [False,  True, False,  True,  True,  True,  True,  True,  True,
         True,  True,  True,  True,  True,  True,  True,  True,  True],
       [False,  True,  True,  True,  True,  True,  True,  True,  True,
         True,  True,  True,  True,  True,  True,  True,  True,  True],
       [ True,  True,  True,  True,  True,  True,  True,  True,  True,
         True,  True,  True,  True,  True,  True,  True,  True,  True]]), 'split1_support': array([[False, False, False, False, False,  True, False, False, False,
        False, False, False, False, False, False, False, False, False],
       [False, False, False, False,  True,  True, False, False, False,
        False, False, False, False, False, False, False, False, False],
       [False,  True, False, False,  True,  True, False, False, False,
        False, False, False, False, False, False, False, False, False],
       [False,  True, False, False,  True,  True, False, False, False,
        False, False, False, False, False, False, False, False,  True],
       [False,  True, False, False,  True,  True, False, False, False,
        False, False, False, False, False, False, False,  True,  True],
       [False,  True, False, False,  True,  True, False, False, False,
        False, False, False, False, False, False,  True,  True,  True],
       [False,  True, False, False,  True,  True, False, False, False,
        False, False, False, False, False,  True,  True,  True,  True],
       [False,  True, False, False,  True,  True, False, False, False,
        False, False, False, False,  True,  True,  True,  True,  True],
       [False,  True, False, False,  True,  True, False, False, False,
        False, False, False,  True,  True,  True,  True,  True,  True],
       [False,  True, False, False,  True,  True, False, False, False,
        False, False,  True,  True,  True,  True,  True,  True,  True],
       [False,  True, False, False,  True,  True, False, False, False,
        False,  True,  True,  True,  True,  True,  True,  True,  True],
       [False,  True, False, False,  True,  True, False, False, False,
         True,  True,  True,  True,  True,  True,  True,  True,  True],
       [False,  True, False, False,  True,  True, False, False,  True,
         True,  True,  True,  True,  True,  True,  True,  True,  True],
       [False,  True, False, False,  True,  True, False,  True,  True,
         True,  True,  True,  True,  True,  True,  True,  True,  True],
       [False,  True, False, False,  True,  True,  True,  True,  True,
         True,  True,  True,  True,  True,  True,  True,  True,  True],
       [False,  True, False,  True,  True,  True,  True,  True,  True,
         True,  True,  True,  True,  True,  True,  True,  True,  True],
       [False,  True,  True,  True,  True,  True,  True,  True,  True,
         True,  True,  True,  True,  True,  True,  True,  True,  True],
       [ True,  True,  True,  True,  True,  True,  True,  True,  True,
         True,  True,  True,  True,  True,  True,  True,  True,  True]]), 'split2_support': array([[False, False,  True, False, False, False, False, False, False,
        False, False, False, False, False, False, False, False, False],
       [False, False,  True, False,  True, False, False, False, False,
        False, False, False, False, False, False, False, False, False],
       [False,  True,  True, False,  True, False, False, False, False,
        False, False, False, False, False, False, False, False, False],
       [False,  True,  True, False,  True, False, False, False, False,
        False, False, False, False, False, False, False, False,  True],
       [False,  True,  True, False,  True, False, False, False, False,
        False, False, False, False, False, False, False,  True,  True],
       [False,  True,  True, False,  True, False, False, False, False,
        False, False, False, False, False, False,  True,  True,  True],
       [False,  True,  True, False,  True, False, False, False, False,
        False, False, False, False, False,  True,  True,  True,  True],
       [False,  True,  True, False,  True, False, False, False, False,
        False, False, False, False,  True,  True,  True,  True,  True],
       [False,  True,  True, False,  True, False, False, False, False,
        False, False, False,  True,  True,  True,  True,  True,  True],
       [False,  True,  True, False,  True, False, False, False, False,
        False, False,  True,  True,  True,  True,  True,  True,  True],
       [False,  True,  True, False,  True, False, False, False, False,
        False,  True,  True,  True,  True,  True,  True,  True,  True],
       [False,  True,  True, False,  True, False, False, False, False,
         True,  True,  True,  True,  True,  True,  True,  True,  True],
       [False,  True,  True, False,  True, False, False, False,  True,
         True,  True,  True,  True,  True,  True,  True,  True,  True],
       [False,  True,  True, False,  True, False, False,  True,  True,
         True,  True,  True,  True,  True,  True,  True,  True,  True],
       [False,  True,  True, False,  True, False,  True,  True,  True,
         True,  True,  True,  True,  True,  True,  True,  True,  True],
       [False,  True,  True, False,  True,  True,  True,  True,  True,
         True,  True,  True,  True,  True,  True,  True,  True,  True],
       [False,  True,  True,  True,  True,  True,  True,  True,  True,
         True,  True,  True,  True,  True,  True,  True,  True,  True],
       [ True,  True,  True,  True,  True,  True,  True,  True,  True,
         True,  True,  True,  True,  True,  True,  True,  True,  True]]), 'split3_support': array([[False, False,  True, False, False, False, False, False, False,
        False, False, False, False, False, False, False, False, False],
       [False, False,  True, False,  True, False, False, False, False,
        False, False, False, False, False, False, False, False, False],
       [False,  True,  True, False,  True, False, False, False, False,
        False, False, False, False, False, False, False, False, False],
       [False,  True,  True, False,  True, False, False, False, False,
        False, False, False, False, False, False, False, False,  True],
       [False,  True,  True, False,  True, False, False, False, False,
        False, False, False, False, False, False, False,  True,  True],
       [False,  True,  True, False,  True, False, False, False, False,
        False, False, False, False, False, False,  True,  True,  True],
       [False,  True,  True, False,  True, False, False, False, False,
        False, False, False, False, False,  True,  True,  True,  True],
       [False,  True,  True, False,  True, False, False, False, False,
        False, False, False, False,  True,  True,  True,  True,  True],
       [False,  True,  True, False,  True, False, False, False, False,
        False, False, False,  True,  True,  True,  True,  True,  True],
       [False,  True,  True, False,  True, False, False, False, False,
        False, False,  True,  True,  True,  True,  True,  True,  True],
       [False,  True,  True, False,  True, False, False, False, False,
        False,  True,  True,  True,  True,  True,  True,  True,  True],
       [False,  True,  True, False,  True, False, False, False, False,
         True,  True,  True,  True,  True,  True,  True,  True,  True],
       [False,  True,  True, False,  True, False, False, False,  True,
         True,  True,  True,  True,  True,  True,  True,  True,  True],
       [False,  True,  True, False,  True, False, False,  True,  True,
         True,  True,  True,  True,  True,  True,  True,  True,  True],
       [False,  True,  True, False,  True, False,  True,  True,  True,
         True,  True,  True,  True,  True,  True,  True,  True,  True],
       [False,  True,  True, False,  True,  True,  True,  True,  True,
         True,  True,  True,  True,  True,  True,  True,  True,  True],
       [False,  True,  True,  True,  True,  True,  True,  True,  True,
         True,  True,  True,  True,  True,  True,  True,  True,  True],
       [ True,  True,  True,  True,  True,  True,  True,  True,  True,
         True,  True,  True,  True,  True,  True,  True,  True,  True]]), 'split4_support': array([[False, False,  True, False, False, False, False, False, False,
        False, False, False, False, False, False, False, False, False],
       [False, False,  True, False, False,  True, False, False, False,
        False, False, False, False, False, False, False, False, False],
       [False,  True,  True, False, False,  True, False, False, False,
        False, False, False, False, False, False, False, False, False],
       [False,  True,  True, False, False,  True, False, False, False,
        False, False, False, False, False, False, False, False,  True],
       [False,  True,  True, False, False,  True, False, False, False,
        False, False, False, False, False, False, False,  True,  True],
       [False,  True,  True, False, False,  True, False, False, False,
        False, False, False, False, False, False,  True,  True,  True],
       [False,  True,  True, False, False,  True, False, False, False,
        False, False, False, False, False,  True,  True,  True,  True],
       [False,  True,  True, False, False,  True, False, False, False,
        False, False, False, False,  True,  True,  True,  True,  True],
       [False,  True,  True, False, False,  True, False, False, False,
        False, False, False,  True,  True,  True,  True,  True,  True],
       [False,  True,  True, False, False,  True, False, False, False,
        False, False,  True,  True,  True,  True,  True,  True,  True],
       [False,  True,  True, False, False,  True, False, False, False,
        False,  True,  True,  True,  True,  True,  True,  True,  True],
       [False,  True,  True, False, False,  True, False, False, False,
         True,  True,  True,  True,  True,  True,  True,  True,  True],
       [False,  True,  True, False, False,  True, False, False,  True,
         True,  True,  True,  True,  True,  True,  True,  True,  True],
       [False,  True,  True, False, False,  True, False,  True,  True,
         True,  True,  True,  True,  True,  True,  True,  True,  True],
       [False,  True,  True, False, False,  True,  True,  True,  True,
         True,  True,  True,  True,  True,  True,  True,  True,  True],
       [False,  True,  True,  True, False,  True,  True,  True,  True,
         True,  True,  True,  True,  True,  True,  True,  True,  True],
       [False,  True,  True,  True,  True,  True,  True,  True,  True,
         True,  True,  True,  True,  True,  True,  True,  True,  True],
       [ True,  True,  True,  True,  True,  True,  True,  True,  True,
         True,  True,  True,  True,  True,  True,  True,  True,  True]]), 'n_features': array([ 1,  2,  3,  4,  5,  6,  7,  8,  9, 10, 11, 12, 13, 14, 15, 16, 17,
       18])}"
