sample type,classifier,name,scores,metadata
daily,Random Forest,RandomForestClassifier base,"{'accuracy': array([0.90526316, 0.78947368, 0.8547486 , 0.73544974, 0.82887701]), 'balanced_accuracy': array([0.89989463, 0.7859972 , 0.85529557, 0.73042636, 0.82565617]), 'average_precision': array([0.94504307, 0.8352348 , 0.89823234, 0.66023881, 0.83024188]), 'f1': array([0.87671233, 0.74025974, 0.80597015, 0.63235294, 0.75384615]), 'precision': array([0.87671233, 0.7125    , 0.76056338, 0.56578947, 0.7       ]), 'recall': array([0.87671233, 0.77027027, 0.85714286, 0.71666667, 0.81666667])}","{'feature_set': 'base', 'n_features': 6, 'features': ['mean', 'sd', 'inactive_ratio', 'day_night_ratio', 'longest_inactivity', 'mean_absolute_change_activity'], 'feature_set_type': 'manual'}"
daily,Random Forest,RandomForestClassifier activity rhythm,"{'accuracy': array([0.70526316, 0.61578947, 0.66480447, 0.67195767, 0.57754011]), 'balanced_accuracy': array([0.71689498, 0.58504194, 0.64347291, 0.64379845, 0.59225722]), 'average_precision': array([0.66330277, 0.52456701, 0.47421555, 0.55201809, 0.44918028]), 'f1': array([0.66666667, 0.47482014, 0.54545455, 0.52307692, 0.49032258]), 'precision': array([0.58947368, 0.50769231, 0.52173913, 0.48571429, 0.4       ]), 'recall': array([0.76712329, 0.44594595, 0.57142857, 0.56666667, 0.63333333])}","{'feature_set': 'activity_rhythm', 'n_features': 2, 'features': ['IV', 'RA'], 'feature_set_type': 'manual'}"
daily,Random Forest,RandomForestClassifier hourly activity,"{'accuracy': array([0.88947368, 0.8       , 0.84916201, 0.7989418 , 0.82352941]), 'balanced_accuracy': array([0.87419506, 0.79706431, 0.84735906, 0.80813953, 0.80853018]), 'average_precision': array([0.91104524, 0.83288489, 0.91744868, 0.71109408, 0.75679924]), 'f1': array([0.84892086, 0.75324675, 0.79699248, 0.72463768, 0.736     ]), 'precision': array([0.89393939, 0.725     , 0.75714286, 0.64102564, 0.70769231]), 'recall': array([0.80821918, 0.78378378, 0.84126984, 0.83333333, 0.76666667])}","{'feature_set': 'hourly_activity', 'n_features': 24, 'features': ['mean_activity_0', 'mean_activity_1', 'mean_activity_2', 'mean_activity_3', 'mean_activity_4', 'mean_activity_5', 'mean_activity_6', 'mean_activity_7', 'mean_activity_8', 'mean_activity_9', 'mean_activity_10', 'mean_activity_11', 'mean_activity_12', 'mean_activity_13', 'mean_activity_14', 'mean_activity_15', 'mean_activity_16', 'mean_activity_17', 'mean_activity_18', 'mean_activity_19', 'mean_activity_20', 'mean_activity_21', 'mean_activity_22', 'mean_activity_23'], 'feature_set_type': 'manual'}"
daily,Random Forest,RandomForestClassifier six hour bins,"{'accuracy': array([0.85263158, 0.79473684, 0.8603352 , 0.7989418 , 0.80213904]), 'balanced_accuracy': array([0.84943215, 0.78786114, 0.85960591, 0.78585271, 0.7839895 ]), 'average_precision': array([0.92458457, 0.82960813, 0.91279586, 0.67906059, 0.78574662]), 'f1': array([0.81333333, 0.74172185, 0.81203008, 0.703125  , 0.704     ]), 'precision': array([0.79220779, 0.72727273, 0.77142857, 0.66176471, 0.67692308]), 'recall': array([0.83561644, 0.75675676, 0.85714286, 0.75      , 0.73333333])}","{'feature_set': 'six_hour_bins', 'n_features': 8, 'features': ['activity_night', 'activity_morning', 'activity_afternoon', 'activity_evening', 'inactive_night', 'inactive_morning', 'inactive_afternoon', 'inactive_evening'], 'feature_set_type': 'manual'}"
daily,Random Forest,RandomForestClassifier full,"{'accuracy': array([0.9       , 0.8       , 0.88268156, 0.75132275, 0.82887701]), 'balanced_accuracy': array([0.89304531, 0.79706431, 0.88409962, 0.75096899, 0.81686352]), 'average_precision': array([0.94280391, 0.85549752, 0.92875467, 0.69777767, 0.7935009 ]), 'f1': array([0.86896552, 0.75324675, 0.84210526, 0.65693431, 0.74603175]), 'precision': array([0.875     , 0.725     , 0.8       , 0.58441558, 0.71212121]), 'recall': array([0.8630137 , 0.78378378, 0.88888889, 0.75      , 0.78333333])}","{'feature_set': 'full', 'n_features': 46, 'features': ['min', 'max', 'mean', 'median', 'sd', 'mean_activity_0', 'mean_activity_1', 'mean_activity_2', 'mean_activity_3', 'mean_activity_4', 'mean_activity_5', 'mean_activity_6', 'mean_activity_7', 'mean_activity_8', 'mean_activity_9', 'mean_activity_10', 'mean_activity_11', 'mean_activity_12', 'mean_activity_13', 'mean_activity_14', 'mean_activity_15', 'mean_activity_16', 'mean_activity_17', 'mean_activity_18', 'mean_activity_19', 'mean_activity_20', 'mean_activity_21', 'mean_activity_22', 'mean_activity_23', 'inactive_ratio', 'longest_inactivity', 'is_constant_activity', '12_hour_day_activity', '12_hour_night_activity', 'day_night_ratio', 'mean_absolute_change_activity', 'IV', 'RA', 'activity_night', 'activity_morning', 'activity_afternoon', 'activity_evening', 'inactive_night', 'inactive_morning', 'inactive_afternoon', 'inactive_evening'], 'feature_set_type': 'manual'}"
daily,Random Forest,RandomForestClassifier all candidates,"{'accuracy': array([0.87894737, 0.79473684, 0.86592179, 0.76190476, 0.80213904]), 'balanced_accuracy': array([0.87595129, 0.79030755, 0.86391626, 0.7498062 , 0.7839895 ]), 'average_precision': array([0.95837941, 0.86408175, 0.92135291, 0.68396323, 0.80794413]), 'f1': array([0.84563758, 0.74509804, 0.81818182, 0.65648855, 0.704     ]), 'precision': array([0.82894737, 0.72151899, 0.7826087 , 0.6056338 , 0.67692308]), 'recall': array([0.8630137 , 0.77027027, 0.85714286, 0.71666667, 0.73333333])}","{'feature_set': 'all_candidates', 'n_features': 18, 'features': ['mean', 'sd', 'inactive_ratio', 'longest_inactivity', '12_hour_day_activity', '12_hour_night_activity', 'day_night_ratio', 'mean_absolute_change_activity', 'IV', 'RA', 'activity_night', 'activity_morning', 'activity_afternoon', 'activity_evening', 'inactive_night', 'inactive_morning', 'inactive_afternoon', 'inactive_evening'], 'feature_set_type': 'automatic'}"
daily,Random Forest,RandomForestClassifier positive permutation,"{'accuracy': array([0.89473684, 0.77894737, 0.87150838, 0.75661376, 0.82352941]), 'balanced_accuracy': array([0.89392343, 0.78226934, 0.8682266 , 0.75930233, 0.81292651]), 'average_precision': array([0.95947321, 0.82734918, 0.91410007, 0.63496846, 0.818806  ]), 'f1': array([0.86666667, 0.7375    , 0.82442748, 0.66666667, 0.74015748]), 'precision': array([0.84415584, 0.68604651, 0.79411765, 0.58974359, 0.70149254]), 'recall': array([0.89041096, 0.7972973 , 0.85714286, 0.76666667, 0.78333333])}","{'feature_set': 'positive_permutation', 'n_features': 4, 'features': ['12_hour_night_activity', 'sd', 'RA', 'longest_inactivity'], 'feature_set_type': 'automatic'}"
daily,Random Forest,RandomForestClassifier rfecv selected,"{'accuracy': array([0.90526316, 0.81578947, 0.86592179, 0.76190476, 0.81283422]), 'balanced_accuracy': array([0.90247044, 0.80754893, 0.86391626, 0.7498062 , 0.79625984]), 'average_precision': array([0.96033646, 0.84552442, 0.9192975 , 0.63184146, 0.80729012]), 'f1': array([0.87837838, 0.76510067, 0.81818182, 0.65648855, 0.72      ]), 'precision': array([0.86666667, 0.76      , 0.7826087 , 0.6056338 , 0.69230769]), 'recall': array([0.89041096, 0.77027027, 0.85714286, 0.71666667, 0.75      ])}","{'feature_set': 'rfecv_selected', 'n_features': 13, 'features': ['mean', 'sd', 'inactive_ratio', 'longest_inactivity', '12_hour_day_activity', '12_hour_night_activity', 'day_night_ratio', 'mean_absolute_change_activity', 'RA', 'activity_afternoon', 'activity_evening', 'inactive_morning', 'inactive_evening'], 'feature_set_type': 'automatic'}"
daily,Random Forest,RandomForestClassifier select from model,"{'accuracy': array([0.90526316, 0.77368421, 0.86592179, 0.75661376, 0.80748663]), 'balanced_accuracy': array([0.89731882, 0.77306617, 0.86391626, 0.74593023, 0.79232283]), 'average_precision': array([0.95462527, 0.8386275 , 0.91113962, 0.63652127, 0.81384728]), 'f1': array([0.875     , 0.72611465, 0.81818182, 0.65151515, 0.71428571]), 'precision': array([0.88732394, 0.68674699, 0.7826087 , 0.59722222, 0.68181818]), 'recall': array([0.8630137 , 0.77027027, 0.85714286, 0.71666667, 0.75      ])}","{'feature_set': 'select_from_model', 'feature_set_type': 'automatic', 'selection_method': 'SelectFromModel', 'threshold': 'median', 'n_features': 18, 'features': 'selected_inside_cv', 'note': 'SelectFromModel was fitted inside each CV fold'}"
daily,Logistic Regression,LogisticRegression base,"{'accuracy': array([0.82631579, 0.70526316, 0.88268156, 0.75661376, 0.76470588]), 'balanced_accuracy': array([0.81260976, 0.6999068 , 0.88409962, 0.77713178, 0.77401575]), 'average_precision': array([0.81107662, 0.73315848, 0.89865133, 0.63502654, 0.67936636]), 'f1': array([0.76923077, 0.64102564, 0.84210526, 0.68493151, 0.68571429]), 'precision': array([0.78571429, 0.6097561 , 0.8       , 0.58139535, 0.6       ]), 'recall': array([0.75342466, 0.67567568, 0.88888889, 0.83333333, 0.8       ])}","{'feature_set': 'base', 'n_features': 6, 'features': ['mean', 'sd', 'inactive_ratio', 'day_night_ratio', 'longest_inactivity', 'mean_absolute_change_activity'], 'feature_set_type': 'manual'}"
daily,Logistic Regression,LogisticRegression activity rhythm,"{'accuracy': array([0.66842105, 0.51052632, 0.52513966, 0.55026455, 0.54010695]), 'balanced_accuracy': array([0.6766772 , 0.52085275, 0.56472359, 0.57693798, 0.57788714]), 'average_precision': array([0.58960358, 0.4289762 , 0.4540481 , 0.34156776, 0.46016075]), 'f1': array([0.62275449, 0.47457627, 0.50867052, 0.47852761, 0.48809524]), 'precision': array([0.55319149, 0.40776699, 0.4       , 0.37864078, 0.37962963]), 'recall': array([0.71232877, 0.56756757, 0.6984127 , 0.65      , 0.68333333])}","{'feature_set': 'activity_rhythm', 'n_features': 2, 'features': ['IV', 'RA'], 'feature_set_type': 'manual'}"
daily,Logistic Regression,LogisticRegression hourly activity,"{'accuracy': array([0.67894737, 0.62105263, 0.69832402, 0.69312169, 0.5828877 ]), 'balanced_accuracy': array([0.71098232, 0.6333877 , 0.7454844 , 0.72616279, 0.61817585]), 'average_precision': array([0.69697983, 0.57658919, 0.51309161, 0.67053544, 0.46932557]), 'f1': array([0.67027027, 0.5862069 , 0.67857143, 0.62820513, 0.52439024]), 'precision': array([0.55357143, 0.51      , 0.54285714, 0.51041667, 0.41346154]), 'recall': array([0.84931507, 0.68918919, 0.9047619 , 0.81666667, 0.71666667])}","{'feature_set': 'hourly_activity', 'n_features': 24, 'features': ['mean_activity_0', 'mean_activity_1', 'mean_activity_2', 'mean_activity_3', 'mean_activity_4', 'mean_activity_5', 'mean_activity_6', 'mean_activity_7', 'mean_activity_8', 'mean_activity_9', 'mean_activity_10', 'mean_activity_11', 'mean_activity_12', 'mean_activity_13', 'mean_activity_14', 'mean_activity_15', 'mean_activity_16', 'mean_activity_17', 'mean_activity_18', 'mean_activity_19', 'mean_activity_20', 'mean_activity_21', 'mean_activity_22', 'mean_activity_23'], 'feature_set_type': 'manual'}"
daily,Logistic Regression,LogisticRegression six hour bins,"{'accuracy': array([0.68947368, 0.71052632, 0.79888268, 0.67195767, 0.67914439]), 'balanced_accuracy': array([0.70149865, 0.70421715, 0.81219212, 0.675     , 0.70223097]), 'average_precision': array([0.69836209, 0.62128896, 0.7724873 , 0.46296376, 0.5463468 ]), 'f1': array([0.65088757, 0.64516129, 0.75      , 0.56944444, 0.60526316]), 'precision': array([0.57291667, 0.61728395, 0.66666667, 0.48809524, 0.5       ]), 'recall': array([0.75342466, 0.67567568, 0.85714286, 0.68333333, 0.76666667])}","{'feature_set': 'six_hour_bins', 'n_features': 8, 'features': ['activity_night', 'activity_morning', 'activity_afternoon', 'activity_evening', 'inactive_night', 'inactive_morning', 'inactive_afternoon', 'inactive_evening'], 'feature_set_type': 'manual'}"
daily,Logistic Regression,LogisticRegression full,"{'accuracy': array([0.91578947, 0.75789474, 0.88826816, 0.82539683, 0.74331551]), 'balanced_accuracy': array([0.91874488, 0.74301025, 0.89203612, 0.83197674, 0.77145669]), 'average_precision': array([0.91858715, 0.76591345, 0.82480883, 0.79408746, 0.7308895 ]), 'f1': array([0.89473684, 0.68493151, 0.85074627, 0.75555556, 0.68      ]), 'precision': array([0.86075949, 0.69444444, 0.8028169 , 0.68      , 0.56666667]), 'recall': array([0.93150685, 0.67567568, 0.9047619 , 0.85      , 0.85      ])}","{'feature_set': 'full', 'n_features': 46, 'features': ['min', 'max', 'mean', 'median', 'sd', 'mean_activity_0', 'mean_activity_1', 'mean_activity_2', 'mean_activity_3', 'mean_activity_4', 'mean_activity_5', 'mean_activity_6', 'mean_activity_7', 'mean_activity_8', 'mean_activity_9', 'mean_activity_10', 'mean_activity_11', 'mean_activity_12', 'mean_activity_13', 'mean_activity_14', 'mean_activity_15', 'mean_activity_16', 'mean_activity_17', 'mean_activity_18', 'mean_activity_19', 'mean_activity_20', 'mean_activity_21', 'mean_activity_22', 'mean_activity_23', 'inactive_ratio', 'longest_inactivity', 'is_constant_activity', '12_hour_day_activity', '12_hour_night_activity', 'day_night_ratio', 'mean_absolute_change_activity', 'IV', 'RA', 'activity_night', 'activity_morning', 'activity_afternoon', 'activity_evening', 'inactive_night', 'inactive_morning', 'inactive_afternoon', 'inactive_evening'], 'feature_set_type': 'manual'}"
daily,Logistic Regression,LogisticRegression all candidates,"{'accuracy': array([0.87368421, 0.75263158, 0.86592179, 0.79365079, 0.7486631 ]), 'balanced_accuracy': array([0.87682941, 0.74603914, 0.87116858, 0.80872093, 0.7753937 ]), 'average_precision': array([0.90305905, 0.74356964, 0.93346116, 0.71597313, 0.77924579]), 'f1': array([0.84415584, 0.69281046, 0.82352941, 0.72340426, 0.68456376]), 'precision': array([0.80246914, 0.67088608, 0.76712329, 0.62962963, 0.57303371]), 'recall': array([0.89041096, 0.71621622, 0.88888889, 0.85      , 0.85      ])}","{'feature_set': 'all_candidates', 'n_features': 18, 'features': ['mean', 'sd', 'inactive_ratio', 'longest_inactivity', '12_hour_day_activity', '12_hour_night_activity', 'day_night_ratio', 'mean_absolute_change_activity', 'IV', 'RA', 'activity_night', 'activity_morning', 'activity_afternoon', 'activity_evening', 'inactive_night', 'inactive_morning', 'inactive_afternoon', 'inactive_evening'], 'feature_set_type': 'automatic'}"
daily,Logistic Regression,LogisticRegression positive permutation,"{'accuracy': array([0.88421053, 0.76315789, 0.87150838, 0.7989418 , 0.75935829]), 'balanced_accuracy': array([0.89052804, 0.75465983, 0.87910509, 0.8125969 , 0.78766404]), 'average_precision': array([0.89928542, 0.74429997, 0.93242896, 0.71679009, 0.77208062]), 'f1': array([0.85897436, 0.70198675, 0.83211679, 0.72857143, 0.69798658]), 'precision': array([0.80722892, 0.68831169, 0.77027027, 0.6375    , 0.58426966]), 'recall': array([0.91780822, 0.71621622, 0.9047619 , 0.85      , 0.86666667])}","{'feature_set': 'positive_permutation', 'n_features': 16, 'features': ['sd', '12_hour_night_activity', 'mean_absolute_change_activity', 'activity_afternoon', 'inactive_night', 'longest_inactivity', 'inactive_evening', 'inactive_ratio', 'IV', 'activity_night', '12_hour_day_activity', 'inactive_morning', 'activity_evening', 'mean', 'day_night_ratio', 'inactive_afternoon'], 'feature_set_type': 'automatic'}"
daily,Logistic Regression,LogisticRegression rfecv selected,"{'accuracy': array([0.87894737, 0.75789474, 0.87150838, 0.7989418 , 0.7540107 ]), 'balanced_accuracy': array([0.88110292, 0.75034949, 0.87547893, 0.8125969 , 0.77933071]), 'average_precision': array([0.90496661, 0.74774893, 0.93165271, 0.71134405, 0.7834827 ]), 'f1': array([0.8496732 , 0.69736842, 0.82962963, 0.72857143, 0.68918919]), 'precision': array([0.8125    , 0.67948718, 0.77777778, 0.6375    , 0.57954545]), 'recall': array([0.89041096, 0.71621622, 0.88888889, 0.85      , 0.85      ])}","{'feature_set': 'rfecv_selected', 'n_features': 15, 'features': ['sd', 'inactive_ratio', 'longest_inactivity', '12_hour_day_activity', '12_hour_night_activity', 'day_night_ratio', 'mean_absolute_change_activity', 'IV', 'RA', 'activity_night', 'activity_afternoon', 'inactive_night', 'inactive_morning', 'inactive_afternoon', 'inactive_evening'], 'feature_set_type': 'automatic'}"
daily,Logistic Regression,LogisticRegression select from model,"{'accuracy': array([0.87368421, 0.71578947, 0.83798883, 0.80952381, 0.70588235]), 'balanced_accuracy': array([0.8742536 , 0.70608108, 0.84961686, 0.83817829, 0.73510499]), 'average_precision': array([0.87940768, 0.72849488, 0.91952118, 0.7335743 , 0.70578666]), 'f1': array([0.84210526, 0.64473684, 0.79432624, 0.75342466, 0.64052288]), 'precision': array([0.81012658, 0.62820513, 0.71794872, 0.63953488, 0.52688172]), 'recall': array([0.87671233, 0.66216216, 0.88888889, 0.91666667, 0.81666667])}","{'feature_set': 'select_from_model', 'feature_set_type': 'automatic', 'selection_method': 'SelectFromModel', 'threshold': 'median', 'n_features': 18, 'features': 'selected_inside_cv', 'note': 'SelectFromModel was fitted inside each CV fold'}"
daily,Decision Tree,DecisionTreeClassifier base,"{'accuracy': array([0.74736842, 0.69473684, 0.76536313, 0.68253968, 0.78609626]), 'balanced_accuracy': array([0.77684112, 0.73287512, 0.77907772, 0.66492248, 0.72821522]), 'average_precision': array([0.59571746, 0.56195162, 0.60942141, 0.46806794, 0.6102904 ]), 'f1': array([0.73333333, 0.69791667, 0.71232877, 0.55223881, 0.62962963]), 'precision': array([0.61682243, 0.56779661, 0.62650602, 0.5       , 0.70833333]), 'recall': array([0.90410959, 0.90540541, 0.82539683, 0.61666667, 0.56666667])}","{'feature_set': 'base', 'n_features': 6, 'features': ['mean', 'sd', 'inactive_ratio', 'day_night_ratio', 'longest_inactivity', 'mean_absolute_change_activity'], 'feature_set_type': 'manual'}"
daily,Decision Tree,DecisionTreeClassifier activity rhythm,"{'accuracy': array([0.68421053, 0.45263158, 0.61452514, 0.62433862, 0.50802139]), 'balanced_accuracy': array([0.68949772, 0.45631407, 0.64094143, 0.63565891, 0.60262467]), 'average_precision': array([0.49699171, 0.3829616 , 0.4241849 , 0.37343749, 0.37087814]), 'f1': array([0.63414634, 0.40229885, 0.57142857, 0.52980132, 0.53061224]), 'precision': array([0.57142857, 0.35      , 0.46938776, 0.43956044, 0.38235294]), 'recall': array([0.71232877, 0.47297297, 0.73015873, 0.66666667, 0.86666667])}","{'feature_set': 'activity_rhythm', 'n_features': 2, 'features': ['IV', 'RA'], 'feature_set_type': 'manual'}"
daily,Decision Tree,DecisionTreeClassifier hourly activity,"{'accuracy': array([0.7       , 0.64210526, 0.67039106, 0.61904762, 0.65240642]), 'balanced_accuracy': array([0.71777309, 0.63350419, 0.70942802, 0.66744186, 0.70013123]), 'average_precision': array([0.5409656 , 0.48426984, 0.52079932, 0.42043374, 0.45082659]), 'f1': array([0.67052023, 0.56410256, 0.64242424, 0.57142857, 0.60606061]), 'precision': array([0.58      , 0.53658537, 0.51960784, 0.44444444, 0.47619048]), 'recall': array([0.79452055, 0.59459459, 0.84126984, 0.8       , 0.83333333])}","{'feature_set': 'hourly_activity', 'n_features': 24, 'features': ['mean_activity_0', 'mean_activity_1', 'mean_activity_2', 'mean_activity_3', 'mean_activity_4', 'mean_activity_5', 'mean_activity_6', 'mean_activity_7', 'mean_activity_8', 'mean_activity_9', 'mean_activity_10', 'mean_activity_11', 'mean_activity_12', 'mean_activity_13', 'mean_activity_14', 'mean_activity_15', 'mean_activity_16', 'mean_activity_17', 'mean_activity_18', 'mean_activity_19', 'mean_activity_20', 'mean_activity_21', 'mean_activity_22', 'mean_activity_23'], 'feature_set_type': 'manual'}"
daily,Decision Tree,DecisionTreeClassifier six hour bins,"{'accuracy': array([0.75789474, 0.73684211, 0.64804469, 0.72486772, 0.65240642]), 'balanced_accuracy': array([0.78023651, 0.74778658, 0.68493432, 0.72267442, 0.6605643 ]), 'average_precision': array([0.62591454, 0.62796147, 0.47976917, 0.51738786, 0.42143392]), 'f1': array([0.73563218, 0.70238095, 0.61818182, 0.62318841, 0.55782313]), 'precision': array([0.63366337, 0.62765957, 0.5       , 0.55128205, 0.47126437]), 'recall': array([0.87671233, 0.7972973 , 0.80952381, 0.71666667, 0.68333333])}","{'feature_set': 'six_hour_bins', 'n_features': 8, 'features': ['activity_night', 'activity_morning', 'activity_afternoon', 'activity_evening', 'inactive_night', 'inactive_morning', 'inactive_afternoon', 'inactive_evening'], 'feature_set_type': 'manual'}"
daily,Decision Tree,DecisionTreeClassifier full,"{'accuracy': array([0.75789474, 0.7       , 0.7877095 , 0.70899471, 0.6684492 ]), 'balanced_accuracy': array([0.78796394, 0.72006058, 0.76005747, 0.68430233, 0.6503937 ]), 'average_precision': array([0.60453108, 0.55537289, 0.66452626, 0.4956419 , 0.45995395]), 'f1': array([0.74444444, 0.6779661 , 0.68852459, 0.57364341, 0.53731343]), 'precision': array([0.62616822, 0.58252427, 0.71186441, 0.53623188, 0.48648649]), 'recall': array([0.91780822, 0.81081081, 0.66666667, 0.61666667, 0.6       ])}","{'feature_set': 'full', 'n_features': 46, 'features': ['min', 'max', 'mean', 'median', 'sd', 'mean_activity_0', 'mean_activity_1', 'mean_activity_2', 'mean_activity_3', 'mean_activity_4', 'mean_activity_5', 'mean_activity_6', 'mean_activity_7', 'mean_activity_8', 'mean_activity_9', 'mean_activity_10', 'mean_activity_11', 'mean_activity_12', 'mean_activity_13', 'mean_activity_14', 'mean_activity_15', 'mean_activity_16', 'mean_activity_17', 'mean_activity_18', 'mean_activity_19', 'mean_activity_20', 'mean_activity_21', 'mean_activity_22', 'mean_activity_23', 'inactive_ratio', 'longest_inactivity', 'is_constant_activity', '12_hour_day_activity', '12_hour_night_activity', 'day_night_ratio', 'mean_absolute_change_activity', 'IV', 'RA', 'activity_night', 'activity_morning', 'activity_afternoon', 'activity_evening', 'inactive_night', 'inactive_morning', 'inactive_afternoon', 'inactive_evening'], 'feature_set_type': 'manual'}"
daily,Decision Tree,DecisionTreeClassifier all candidates,"{'accuracy': array([0.75263158, 0.7       , 0.77094972, 0.70899471, 0.6684492 ]), 'balanced_accuracy': array([0.78111462, 0.72006058, 0.78338807, 0.68430233, 0.6503937 ]), 'average_precision': array([0.61343201, 0.55537289, 0.61639241, 0.4956419 , 0.45995395]), 'f1': array([0.73743017, 0.6779661 , 0.71724138, 0.57364341, 0.53731343]), 'precision': array([0.62264151, 0.58252427, 0.63414634, 0.53623188, 0.48648649]), 'recall': array([0.90410959, 0.81081081, 0.82539683, 0.61666667, 0.6       ])}","{'feature_set': 'all_candidates', 'n_features': 18, 'features': ['mean', 'sd', 'inactive_ratio', 'longest_inactivity', '12_hour_day_activity', '12_hour_night_activity', 'day_night_ratio', 'mean_absolute_change_activity', 'IV', 'RA', 'activity_night', 'activity_morning', 'activity_afternoon', 'activity_evening', 'inactive_night', 'inactive_morning', 'inactive_afternoon', 'inactive_evening'], 'feature_set_type': 'automatic'}"
daily,Decision Tree,DecisionTreeClassifier positive permutation,"{'accuracy': array([0.75263158, 0.7       , 0.77094972, 0.70899471, 0.6684492 ]), 'balanced_accuracy': array([0.78111462, 0.72006058, 0.78338807, 0.68430233, 0.6503937 ]), 'average_precision': array([0.62119808, 0.55537289, 0.61639241, 0.4956419 , 0.45995395]), 'f1': array([0.73743017, 0.6779661 , 0.71724138, 0.57364341, 0.53731343]), 'precision': array([0.62264151, 0.58252427, 0.63414634, 0.53623188, 0.48648649]), 'recall': array([0.90410959, 0.81081081, 0.82539683, 0.61666667, 0.6       ])}","{'feature_set': 'positive_permutation', 'n_features': 4, 'features': ['inactive_ratio', '12_hour_day_activity', 'sd', '12_hour_night_activity'], 'feature_set_type': 'automatic'}"
daily,Decision Tree,DecisionTreeClassifier rfecv selected,"{'accuracy': array([0.80526316, 0.74736842, 0.75418994, 0.67195767, 0.78074866]), 'balanced_accuracy': array([0.81612223, 0.73928239, 0.77045703, 0.65717054, 0.74625984]), 'average_precision': array([0.67029968, 0.60137467, 0.56933799, 0.45718105, 0.57536368]), 'f1': array([0.77300613, 0.68421053, 0.7027027 , 0.54411765, 0.65546218]), 'precision': array([0.7       , 0.66666667, 0.61176471, 0.48684211, 0.66101695]), 'recall': array([0.8630137 , 0.7027027 , 0.82539683, 0.61666667, 0.65      ])}","{'feature_set': 'rfecv_selected', 'n_features': 1, 'features': ['inactive_ratio'], 'feature_set_type': 'automatic'}"
daily,Decision Tree,DecisionTreeClassifier select from model,"{'accuracy': array([0.75263158, 0.7       , 0.77094972, 0.68253968, 0.6684492 ]), 'balanced_accuracy': array([0.78111462, 0.72006058, 0.78338807, 0.66492248, 0.6503937 ]), 'average_precision': array([0.61343201, 0.55537289, 0.61639241, 0.46806794, 0.45995395]), 'f1': array([0.73743017, 0.6779661 , 0.71724138, 0.55223881, 0.53731343]), 'precision': array([0.62264151, 0.58252427, 0.63414634, 0.5       , 0.48648649]), 'recall': array([0.90410959, 0.81081081, 0.82539683, 0.61666667, 0.6       ])}","{'feature_set': 'select_from_model', 'feature_set_type': 'automatic', 'selection_method': 'SelectFromModel', 'threshold': 'median', 'n_features': 18, 'features': 'selected_inside_cv', 'note': 'SelectFromModel was fitted inside each CV fold'}"
